{
  "tempHash": "00AAD0F7BF22DE8E",
  "tbluHash": "0032666550C86A67",
  "patch": [
    {
      "SubEntityOperation": [
        "8e39370fb865f2bc",
        {
          "RemoveEventConnection": [
            "ExitCloset",
            "BlendOut",
            "517e42933767281b"
          ]
        }
      ]
    },
    {
      "SubEntityOperation": [
        "8e39370fb865f2bc",
        {
          "RemoveEventConnection": [
            "EnterCloset",
            "BlendIn",
            "517e42933767281b"
          ]
        }
      ]
    }
  ],
  "patchVersion": 6
}