{
    "tempHash": "00AAD0F7BF22DE8E",
    "tbluHash": "0032666550C86A67",
    "patch": [
      {
        "SubEntityOperation": [
          "13cd95584f0501b6",
          {
            "RemoveEventConnection": [
              "ExitPeeking",
              "BlendOut",
              "128d2c941f01fb0b"
            ]
          }
        ]
      },
      {
        "SubEntityOperation": [
          "13cd95584f0501b6",
          {
            "RemoveEventConnection": [
              "EnterPeeking",
              "BlendIn",
              "128d2c941f01fb0b"
            ]
          }
        ]
      }
    ],
    "patchVersion": 6
  }