{
  "tempHash": "0093B7139387B988",
  "tbluHash": "004D99E9BEC3EA51",
  "patch": [
    {
      "SubEntityOperation": [
        "6ca258a13fa5852f",
        {
          "SetPropertyValue": {
            "property_name": "m_pMainEvent",
            "value": {
              "resource": "[assembly:/sound/wwise/exportedwwisedata/events/gui_events/ingame_gui/mainmenu/play_gui_menu_navigation_dark_bumper_left.wwiseevent].pc_wwisebank",
              "flag": "5F"
            }
          }
        }
      ]
    },
    {
      "SubEntityOperation": [
        "feeb6e987c60cd4a",
        {
          "SetPropertyValue": {
            "property_name": "m_pMainEvent",
            "value": {
              "resource": "[assembly:/sound/wwise/exportedwwisedata/events/gui_events/ingame_gui/mainmenu/play_gui_menu_navigation_dark_bumper_left.wwiseevent].pc_wwisebank",
              "flag": "5F"
            }
          }
        }
      ]
    },
    {
      "SubEntityOperation": [
        "ca0fa021c3fad0d4",
        {
          "SetPropertyValue": {
            "property_name": "m_pMainEvent",
            "value": {
              "resource": "[assembly:/sound/wwise/exportedwwisedata/events/gui_events/ingame_gui/global/play_gui_global_pause_menu_accept.wwiseevent].pc_wwisebank",
              "flag": "5F"
            }
          }
        }
      ]
    },
    {
      "SubEntityOperation": [
        "4271aa2a96fdee3e",
        {
          "SetPropertyValue": {
            "property_name": "m_pMainEvent",
            "value": {
              "resource": "[assembly:/sound/wwise/exportedwwisedata/events/gui_events/ingame_gui/mainmenu/play_gui_menu_navigation_dark_bumper_left.wwiseevent].pc_wwisebank",
              "flag": "5F"
            }
          }
        }
      ]
    },
    {
      "SubEntityOperation": [
        "48c72c542d7e8733",
        {
          "SetPropertyValue": {
            "property_name": "m_pMainEvent",
            "value": {
              "resource": "[assembly:/sound/wwise/exportedwwisedata/events/gui_events/ingame_gui/mainmenu/play_gui_menu_navigation_dark_bumper_right.wwiseevent].pc_wwisebank",
              "flag": "5F"
            }
          }
        }
      ]
    },
    {
      "SubEntityOperation": [
        "1a6f87a8a7096600",
        {
          "SetPropertyValue": {
            "property_name": "m_pMainEvent",
            "value": {
              "resource": "[assembly:/sound/wwise/exportedwwisedata/events/gui_events/ingame_gui/global/play_gui_global_pause_menu_accept.wwiseevent].pc_wwisebank",
              "flag": "5F"
            }
          }
        }
      ]
    },
    {
      "SubEntityOperation": [
        "456bec584eab76e4",
        {
          "SetPropertyValue": {
            "property_name": "m_pMainEvent",
            "value": {
              "resource": "[assembly:/sound/wwise/exportedwwisedata/events/gui_events/ingame_gui/global/play_gui_global_pause_menu_accept.wwiseevent].pc_wwisebank",
              "flag": "5F"
            }
          }
        }
      ]
    },
    {
      "SubEntityOperation": [
        "d8fefb8a60ec514",
        {
          "SetPropertyValue": {
            "property_name": "m_pMainEvent",
            "value": {
              "resource": "[assembly:/sound/wwise/exportedwwisedata/events/gui_events/ingame_gui/global/play_gui_global_pause_menu_accept.wwiseevent].pc_wwisebank",
              "flag": "5F"
            }
          }
        }
      ]
    },
    {
      "SubEntityOperation": [
        "1681dd13c48df9b2",
        {
          "SetPropertyValue": {
            "property_name": "m_pMainEvent",
            "value": {
              "resource": "[assembly:/sound/wwise/exportedwwisedata/events/gui_events/ingame_gui/mainmenu/play_gui_menu_navigation_dark_bumper_left.wwiseevent].pc_wwisebank",
              "flag": "5F"
            }
          }
        }
      ]
    },
    {
      "SubEntityOperation": [
        "c7d722567c6cf2d",
        {
          "SetPropertyValue": {
            "property_name": "m_pMainEvent",
            "value": {
              "resource": "[assembly:/sound/wwise/exportedwwisedata/events/gui_events/ingame_gui/mainmenu/play_gui_menu_navigation_dark_bumper_left.wwiseevent].pc_wwisebank",
              "flag": "5F"
            }
          }
        }
      ]
    },
    {
      "SubEntityOperation": [
        "6c3f93f8184fabb",
        {
          "SetPropertyValue": {
            "property_name": "m_bStopAtSceneReset",
            "value": true
          }
        }
      ]
    },
    {
      "SubEntityOperation": [
        "8289159f380afdb",
        {
          "SetPropertyValue": {
            "property_name": "m_pMainEvent",
            "value": {
              "resource": "[assembly:/sound/wwise/exportedwwisedata/events/gui_events/ingame_gui/global/play_gui_global_pause_menu_accept.wwiseevent].pc_wwisebank",
              "flag": "5F"
            }
          }
        }
      ]
    },
    {
      "SubEntityOperation": [
        "2d2ce7554b291837",
        {
          "SetPropertyValue": {
            "property_name": "m_pMainEvent",
            "value": {
              "resource": "[assembly:/sound/wwise/exportedwwisedata/events/gui_events/ingame_gui/mainmenu/play_gui_menu_navigation_dark_bumper_left.wwiseevent].pc_wwisebank",
              "flag": "5F"
            }
          }
        }
      ]
    }
  ],
  "patchVersion": 6
}