{"tempHash":"00117747041C66D6","tbluHash":"007813E45DC0F295","patch":[{"SubEntityOperation":["f9766c52c742fea1",{"SetPropertyValue":{"property_name":"m_fDiffusePower","value":0}}]},{"SubEntityOperation":["f9766c52c742fea1",{"SetPropertyValue":{"property_name":"DiffusePowerMin","value":0}}]},{"SubEntityOperation":["7e1665d2b0e969bb",{"SetPropertyValue":{"property_name":"m_ParticleRender","value":"4fb129755b38f12"}}]},{"SubEntityOperation":["7e1665d2b0e969bb",{"SetPropertyValue":{"property_name":"m_fSpeedMax","value":0}}]},{"SubEntityOperation":["7e1665d2b0e969bb",{"SetPropertyValue":{"property_name":"m_fOuterConeAngle","value":0}}]},{"SubEntityOperation":["7e1665d2b0e969bb",{"SetPropertyValue":{"property_name":"m_fParticlesPerSecond","value":0}}]},{"SubEntityOperation":["7e1665d2b0e969bb",{"SetPropertyValue":{"property_name":"m_fParticlesPerSecondMax","value":0}}]},{"SubEntityOperation":["7e1665d2b0e969bb",{"SetPropertyValue":{"property_name":"m_fSpeedMin","value":0}}]},{"SubEntityOperation":["7e1665d2b0e969bb",{"SetPropertyValue":{"property_name":"m_fEmissionTimeSeconds","value":0}}]},{"SubEntityOperation":["b76819122a945edc",{"SetPropertyValue":{"property_name":"m_fFixedEmissionCount","value":0}}]},{"SubEntityOperation":["b76819122a945edc",{"SetPropertyValue":{"property_name":"m_fOuterConeAngle","value":0}}]},{"SubEntityOperation":["b76819122a945edc",{"SetPropertyValue":{"property_name":"m_fSpeedMax","value":0}}]},{"SubEntityOperation":["b76819122a945edc",{"SetPropertyValue":{"property_name":"m_fSpeedMin","value":0}}]},{"SubEntityOperation":["b76819122a945edc",{"SetPropertyValue":{"property_name":"m_ParticleRender","value":"4fb129755b38f12"}}]},{"SubEntityOperation":["3372dd2d916dc2d7",{"SetPropertyValue":{"property_name":"m_fOuterConeAngle","value":0}}]},{"SubEntityOperation":["3372dd2d916dc2d7",{"SetPropertyValue":{"property_name":"m_fSpeedMax","value":0}}]},{"SubEntityOperation":["3372dd2d916dc2d7",{"SetPropertyValue":{"property_name":"m_fSpeedMin","value":0}}]},{"SubEntityOperation":["3372dd2d916dc2d7",{"SetPropertyValue":{"property_name":"m_fEmissionTimeSeconds","value":0}}]},{"SubEntityOperation":["3372dd2d916dc2d7",{"SetPropertyValue":{"property_name":"m_fParticlesPerSecondMax","value":0}}]},{"SubEntityOperation":["3372dd2d916dc2d7",{"SetPropertyValue":{"property_name":"m_ParticleRender","value":"4fb129755b38f12"}}]},{"SubEntityOperation":["16a4474e71993681",{"SetPropertyValue":{"property_name":"m_fOuterConeAngle","value":0}}]},{"SubEntityOperation":["16a4474e71993681",{"SetPropertyValue":{"property_name":"m_fSpeedMax","value":0}}]},{"SubEntityOperation":["16a4474e71993681",{"SetPropertyValue":{"property_name":"m_fSpeedMin","value":0}}]},{"SubEntityOperation":["16a4474e71993681",{"SetPropertyValue":{"property_name":"m_fEmissionTimeSeconds","value":0}}]},{"SubEntityOperation":["16a4474e71993681",{"SetPropertyValue":{"property_name":"m_fParticlesPerSecond","value":0}}]},{"SubEntityOperation":["16a4474e71993681",{"SetPropertyValue":{"property_name":"m_fParticlesPerSecondMax","value":0}}]},{"SubEntityOperation":["16a4474e71993681",{"SetPropertyValue":{"property_name":"m_ParticleRender","value":"4fb129755b38f12"}}]}],"patchVersion":6}