{"tempHash":"002FE39FAB6CA740","tbluHash":"009D495BD8C5DCB2","patch":[{"SubEntityOperation":["44da1b87eb5b004e",{"SetPropertyValue":{"property_name":"m_ParticleColorRangeStart","value":"#500000"}}]},{"SubEntityOperation":["44da1b87eb5b004e",{"SetPropertyValue":{"property_name":"m_ParticleColorRangeEnd","value":"#500000"}}]},{"SubEntityOperation":["dfa0afc73fb30f49",{"SetPropertyValue":{"property_name":"m_ParticleColorRangeStart","value":"#500000"}}]},{"SubEntityOperation":["dfa0afc73fb30f49",{"SetPropertyValue":{"property_name":"m_ParticleColorRangeEnd","value":"#500000"}}]},{"SubEntityOperation":["20b201d186d594ae",{"SetPropertyValue":{"property_name":"m_ParticleColorRangeStart","value":"#500000"}}]},{"SubEntityOperation":["20b201d186d594ae",{"SetPropertyValue":{"property_name":"m_ParticleColorRangeEnd","value":"#500000"}}]}],"patchVersion":6}