{"tempHash":"00A446BC8576FC7C","tbluHash":"00E3130E844B00D1","patch":[{"SubEntityOperation":["15fbc34b8770e6b9",{"SetPropertyValue":{"property_name":"m_fFixedEmissionCount","value":0}}]},{"SubEntityOperation":["15fbc34b8770e6b9",{"SetPropertyValue":{"property_name":"m_fOuterConeAngle","value":0}}]},{"SubEntityOperation":["15fbc34b8770e6b9",{"SetPropertyValue":{"property_name":"m_fSpeedMax","value":0}}]},{"SubEntityOperation":["15fbc34b8770e6b9",{"SetPropertyValue":{"property_name":"m_fSpeedMin","value":0}}]},{"SubEntityOperation":["a775dc160395df4a",{"SetPropertyValue":{"property_name":"m_fProbability","value":0}}]},{"SubEntityOperation":["13a500005f9479d6",{"SetPropertyValue":{"property_name":"m_fSpeedMax","value":0}}]},{"SubEntityOperation":["13a500005f9479d6",{"SetPropertyValue":{"property_name":"m_fOuterConeAngle","value":0}}]},{"SubEntityOperation":["13a500005f9479d6",{"SetPropertyValue":{"property_name":"m_fParticlesPerSecond","value":0}}]},{"SubEntityOperation":["13a500005f9479d6",{"SetPropertyValue":{"property_name":"m_fParticlesPerSecondMax","value":0}}]},{"SubEntityOperation":["13a500005f9479d6",{"SetPropertyValue":{"property_name":"m_fSpeedMin","value":0}}]},{"SubEntityOperation":["13a500005f9479d6",{"SetPropertyValue":{"property_name":"m_fEmissionTimeSeconds","value":0}}]},{"SubEntityOperation":["1bd0d9becd1bb5ea",{"SetPropertyValue":{"property_name":"m_fDiffusePower","value":0}}]},{"SubEntityOperation":["1bd0d9becd1bb5ea",{"SetPropertyValue":{"property_name":"DiffusePowerMin","value":0}}]},{"SubEntityOperation":["762f803ad2312726",{"SetPropertyValue":{"property_name":"m_fOuterConeAngle","value":0}}]},{"SubEntityOperation":["762f803ad2312726",{"SetPropertyValue":{"property_name":"m_fSpeedMax","value":0}}]},{"SubEntityOperation":["762f803ad2312726",{"SetPropertyValue":{"property_name":"m_fSpeedMin","value":0}}]},{"SubEntityOperation":["762f803ad2312726",{"SetPropertyValue":{"property_name":"m_fEmissionTimeSeconds","value":0}}]},{"SubEntityOperation":["762f803ad2312726",{"SetPropertyValue":{"property_name":"m_fParticlesPerSecond","value":0}}]},{"SubEntityOperation":["762f803ad2312726",{"SetPropertyValue":{"property_name":"m_fParticlesPerSecondMax","value":0}}]},{"SubEntityOperation":["4a02b1cacf271fd3",{"SetPropertyValue":{"property_name":"m_fOuterConeAngle","value":0}}]},{"SubEntityOperation":["4a02b1cacf271fd3",{"SetPropertyValue":{"property_name":"m_fSpeedMax","value":0}}]},{"SubEntityOperation":["4a02b1cacf271fd3",{"SetPropertyValue":{"property_name":"m_fSpeedMin","value":0}}]},{"SubEntityOperation":["4a02b1cacf271fd3",{"SetPropertyValue":{"property_name":"m_fEmissionTimeSeconds","value":0}}]},{"SubEntityOperation":["4a02b1cacf271fd3",{"SetPropertyValue":{"property_name":"m_fParticlesPerSecond","value":0}}]},{"SubEntityOperation":["4a02b1cacf271fd3",{"SetPropertyValue":{"property_name":"m_fParticlesPerSecondMax","value":0}}]},{"SubEntityOperation":["4a02b1cacf271fd3",{"SetPropertyValue":{"property_name":"m_ParticleRender","value":"d33b341a9d2b7442"}}]},{"SubEntityOperation":["d46c6c05884cbe39",{"SetPropertyValue":{"property_name":"m_ParticleRender","value":"d33b341a9d2b7442"}}]},{"SubEntityOperation":["d46c6c05884cbe39",{"SetPropertyValue":{"property_name":"m_fFixedEmissionCount","value":0}}]},{"SubEntityOperation":["d46c6c05884cbe39",{"SetPropertyValue":{"property_name":"m_fOuterConeAngle","value":0}}]},{"SubEntityOperation":["d46c6c05884cbe39",{"SetPropertyValue":{"property_name":"m_fEmissionCameraProximity","value":0}}]},{"SubEntityOperation":["d46c6c05884cbe39",{"SetPropertyValue":{"property_name":"m_ParticleShaderParameters","value":{"ref":"d33b341a9d2b7442","externalScene":null,"exposedEntity":"FX_PSP_Smoke_Generic"}}}]},{"SubEntityOperation":["2870878c4e1e1e71",{"SetPropertyValue":{"property_name":"m_fOuterConeAngle","value":0}}]},{"SubEntityOperation":["2870878c4e1e1e71",{"SetPropertyValue":{"property_name":"m_fSpeedMax","value":0}}]},{"SubEntityOperation":["2870878c4e1e1e71",{"SetPropertyValue":{"property_name":"m_fSpeedMin","value":0}}]},{"SubEntityOperation":["2870878c4e1e1e71",{"SetPropertyValue":{"property_name":"m_fEmissionTimeSeconds","value":0}}]},{"SubEntityOperation":["2870878c4e1e1e71",{"SetPropertyValue":{"property_name":"m_fParticlesPerSecond","value":0}}]},{"SubEntityOperation":["2870878c4e1e1e71",{"SetPropertyValue":{"property_name":"m_fParticlesPerSecondMax","value":0}}]}],"patchVersion":6}