{"tempHash":"00B46FBAD0776B2F","tbluHash":"00F3CD879A893C34","patch":[{"SubEntityOperation":["a4051f314fb083df",{"SetPropertyValue":{"property_name":"m_fOuterConeAngle","value":0}}]},{"SubEntityOperation":["a4051f314fb083df",{"SetPropertyValue":{"property_name":"m_fSpeedMax","value":0}}]},{"SubEntityOperation":["a4051f314fb083df",{"SetPropertyValue":{"property_name":"m_fSpeedMin","value":0}}]},{"SubEntityOperation":["a4051f314fb083df",{"SetPropertyValue":{"property_name":"m_fEmissionTimeSeconds","value":0}}]},{"SubEntityOperation":["a4051f314fb083df",{"SetPropertyValue":{"property_name":"m_fParticlesPerSecondMax","value":0}}]},{"SubEntityOperation":["a4051f314fb083df",{"SetPropertyValue":{"property_name":"m_ParticleRender","value":"d7a683ebbc793839"}}]},{"SubEntityOperation":["3cad4d7a09ba86db",{"SetPropertyValue":{"property_name":"m_fOuterConeAngle","value":0}}]},{"SubEntityOperation":["3cad4d7a09ba86db",{"SetPropertyValue":{"property_name":"m_fSpeedMax","value":0}}]},{"SubEntityOperation":["3cad4d7a09ba86db",{"SetPropertyValue":{"property_name":"m_fSpeedMin","value":0}}]},{"SubEntityOperation":["3cad4d7a09ba86db",{"SetPropertyValue":{"property_name":"m_fEmissionTimeSeconds","value":0}}]},{"SubEntityOperation":["3cad4d7a09ba86db",{"SetPropertyValue":{"property_name":"m_fParticlesPerSecond","value":0}}]},{"SubEntityOperation":["3cad4d7a09ba86db",{"SetPropertyValue":{"property_name":"m_fParticlesPerSecondMax","value":0}}]},{"SubEntityOperation":["3cad4d7a09ba86db",{"SetPropertyValue":{"property_name":"m_ParticleRender","value":"d7a683ebbc793839"}}]},{"SubEntityOperation":["86011eb5c4a84542",{"SetPropertyValue":{"property_name":"m_ParticleRender","value":"d7a683ebbc793839"}}]},{"SubEntityOperation":["86011eb5c4a84542",{"SetPropertyValue":{"property_name":"m_fFixedEmissionCount","value":0}}]},{"SubEntityOperation":["86011eb5c4a84542",{"SetPropertyValue":{"property_name":"m_fOuterConeAngle","value":0}}]},{"SubEntityOperation":["86011eb5c4a84542",{"SetPropertyValue":{"property_name":"m_fEmissionCameraProximity","value":0}}]},{"SubEntityOperation":["86011eb5c4a84542",{"SetPropertyValue":{"property_name":"m_ParticleShaderParameters","value":{"ref":"d7a683ebbc793839","externalScene":null,"exposedEntity":"FX_PSP_Smoke_Generic"}}}]},{"SubEntityOperation":["155299126790b57d",{"SetPropertyValue":{"property_name":"m_ParticleRender","value":"d7a683ebbc793839"}}]},{"SubEntityOperation":["155299126790b57d",{"SetPropertyValue":{"property_name":"m_fSpeedMax","value":0}}]},{"SubEntityOperation":["155299126790b57d",{"SetPropertyValue":{"property_name":"m_fOuterConeAngle","value":0}}]},{"SubEntityOperation":["155299126790b57d",{"SetPropertyValue":{"property_name":"m_fParticlesPerSecond","value":0}}]},{"SubEntityOperation":["155299126790b57d",{"SetPropertyValue":{"property_name":"m_fParticlesPerSecondMax","value":0}}]},{"SubEntityOperation":["155299126790b57d",{"SetPropertyValue":{"property_name":"m_fEmissionTimeSeconds","value":0}}]},{"SubEntityOperation":["88455081e098c8c4",{"SetPropertyValue":{"property_name":"m_fFixedEmissionCount","value":0}}]},{"SubEntityOperation":["88455081e098c8c4",{"SetPropertyValue":{"property_name":"m_fOuterConeAngle","value":0}}]},{"SubEntityOperation":["88455081e098c8c4",{"SetPropertyValue":{"property_name":"m_fSpeedMax","value":0}}]},{"SubEntityOperation":["88455081e098c8c4",{"SetPropertyValue":{"property_name":"m_fSpeedMin","value":0}}]},{"SubEntityOperation":["88455081e098c8c4",{"SetPropertyValue":{"property_name":"m_ParticleRender","value":"d7a683ebbc793839"}}]},{"SubEntityOperation":["18ff18a37e92b348",{"SetPropertyValue":{"property_name":"m_fDiffusePower","value":0}}]},{"SubEntityOperation":["18ff18a37e92b348",{"SetPropertyValue":{"property_name":"DiffusePowerMin","value":0}}]},{"SubEntityOperation":["93e7d9e01eb490c5",{"SetPropertyValue":{"property_name":"m_fOuterConeAngle","value":0}}]},{"SubEntityOperation":["93e7d9e01eb490c5",{"SetPropertyValue":{"property_name":"m_fSpeedMax","value":0}}]},{"SubEntityOperation":["93e7d9e01eb490c5",{"SetPropertyValue":{"property_name":"m_fSpeedMin","value":0}}]},{"SubEntityOperation":["93e7d9e01eb490c5",{"SetPropertyValue":{"property_name":"m_fEmissionTimeSeconds","value":0}}]},{"SubEntityOperation":["93e7d9e01eb490c5",{"SetPropertyValue":{"property_name":"m_fParticlesPerSecond","value":0}}]},{"SubEntityOperation":["93e7d9e01eb490c5",{"SetPropertyValue":{"property_name":"m_fParticlesPerSecondMax","value":0}}]},{"SubEntityOperation":["93e7d9e01eb490c5",{"SetPropertyValue":{"property_name":"m_ParticleRender","value":"d7a683ebbc793839"}}]}],"patchVersion":6}