{"tempHash":"00B84244D3461DA9","tbluHash":"00327BE90D8E6906","patch":[{"SubEntityOperation":["fa7be080dd0a74ae",{"SetPropertyValue":{"property_name":"m_ParticleColorRangeStart","value":"#500000"}}]},{"SubEntityOperation":["fa7be080dd0a74ae",{"SetPropertyValue":{"property_name":"m_ParticleColorRangeEnd","value":"#500000"}}]},{"SubEntityOperation":["26efcc7279452ad1",{"SetPropertyValue":{"property_name":"m_ParticleColorRangeStart","value":"#500000"}}]},{"SubEntityOperation":["26efcc7279452ad1",{"SetPropertyValue":{"property_name":"m_ParticleColorRangeEnd","value":"#500000"}}]}],"patchVersion":6}