{"tempHash":"00BA466E82A21A36","tbluHash":"002D8A0C3C1CD986","patch":[{"SubEntityOperation":["e8399eceda929433",{"SetPropertyValue":{"property_name":"m_ParticleColorRangeEnd","value":"#500000"}}]},{"SubEntityOperation":["e8399eceda929433",{"SetPropertyValue":{"property_name":"m_ParticleColorRangeStart","value":"#500000"}}]},{"SubEntityOperation":["2e8f5d10eba149e3",{"SetPropertyValue":{"property_name":"m_ParticleColorRangeEnd","value":"#500000"}}]},{"SubEntityOperation":["2e8f5d10eba149e3",{"SetPropertyValue":{"property_name":"m_ParticleColorRangeStart","value":"#500000"}}]},{"SubEntityOperation":["2e8f5d10eba149e3",{"SetPropertyValue":{"property_name":"m_FixedAlpha","value":0}}]},{"SubEntityOperation":["2e8f5d10eba149e3",{"SetPropertyValue":{"property_name":"m_fMotionStretchFactor","value":0}}]},{"SubEntityOperation":["2e8f5d10eba149e3",{"SetPropertyValue":{"property_name":"m_fTimeToLiveSecondsMax","value":0}}]},{"SubEntityOperation":["2e8f5d10eba149e3",{"SetPropertyValue":{"property_name":"m_fFriction","value":0}}]},{"SubEntityOperation":["2e8f5d10eba149e3",{"SetPropertyValue":{"property_name":"SizeAddMin","value":0}}]},{"SubEntityOperation":["2e8f5d10eba149e3",{"SetPropertyValue":{"property_name":"SizeAddMax","value":0}}]},{"SubEntityOperation":["2e8f5d10eba149e3",{"SetPropertyValue":{"property_name":"m_fTimeToLiveSecondsMin","value":0}}]},{"SubEntityOperation":["2e8f5d10eba149e3",{"SetPropertyValue":{"property_name":"m_fParticleSizeMin","value":0}}]},{"SubEntityOperation":["2e8f5d10eba149e3",{"SetPropertyValue":{"property_name":"m_fParticleSizeMax","value":0}}]},{"SubEntityOperation":["293d4bbe4d68b97f",{"SetPropertyValue":{"property_name":"Glossiness","value":0}}]},{"SubEntityOperation":["293d4bbe4d68b97f",{"SetPropertyValue":{"property_name":"Reflectance","value":0}}]},{"SubEntityOperation":["293d4bbe4d68b97f",{"SetPropertyValue":{"property_name":"Translucency","value":0}}]},{"SubEntityOperation":["7de767f08920903",{"SetPropertyValue":{"property_name":"Reflectance","value":0}}]},{"SubEntityOperation":["86df6e8ac7358c68",{"SetPropertyValue":{"property_name":"Reflectance","value":0}}]},{"SubEntityOperation":["86df6e8ac7358c68",{"SetPropertyValue":{"property_name":"Glossiness","value":0}}]},{"SubEntityOperation":["f79f72328a7b9f89",{"SetPropertyValue":{"property_name":"m_ParticleColorRangeEnd","value":"#500000"}}]},{"SubEntityOperation":["f79f72328a7b9f89",{"SetPropertyValue":{"property_name":"m_ParticleColorRangeStart","value":"#500000"}}]},{"SubEntityOperation":["f79f72328a7b9f89",{"SetPropertyValue":{"property_name":"m_FixedAlpha","value":0}}]},{"SubEntityOperation":["f79f72328a7b9f89",{"SetPropertyValue":{"property_name":"m_fMotionStretchFactor","value":0}}]},{"SubEntityOperation":["f79f72328a7b9f89",{"SetPropertyValue":{"property_name":"m_fTimeToLiveSecondsMax","value":0}}]},{"SubEntityOperation":["f79f72328a7b9f89",{"SetPropertyValue":{"property_name":"m_fWindMultiplier","value":0}}]},{"SubEntityOperation":["f79f72328a7b9f89",{"SetPropertyValue":{"property_name":"m_fFriction","value":0}}]},{"SubEntityOperation":["f79f72328a7b9f89",{"SetPropertyValue":{"property_name":"SizeAddMin","value":0}}]},{"SubEntityOperation":["f79f72328a7b9f89",{"SetPropertyValue":{"property_name":"SizeAddMax","value":0}}]},{"SubEntityOperation":["f79f72328a7b9f89",{"SetPropertyValue":{"property_name":"m_fTimeToLiveSecondsMin","value":0}}]},{"SubEntityOperation":["f79f72328a7b9f89",{"SetPropertyValue":{"property_name":"m_fParticleSizeMin","value":0}}]},{"SubEntityOperation":["f79f72328a7b9f89",{"SetPropertyValue":{"property_name":"m_fParticleSizeMax","value":0}}]}],"patchVersion":6}