{"tempHash":"00F1542AE0F02E11","tbluHash":"00994AD7D6C73CB1","patch":[{"SubEntityOperation":["f816cfc166f8181",{"SetPropertyValue":{"property_name":"m_ParticleColorRangeEnd","value":"#500000"}}]},{"SubEntityOperation":["f816cfc166f8181",{"SetPropertyValue":{"property_name":"m_ParticleColorRangeStart","value":"#500000"}}]},{"SubEntityOperation":["f816cfc166f8181",{"SetPropertyValue":{"property_name":"m_FixedAlpha","value":0}}]},{"SubEntityOperation":["f816cfc166f8181",{"SetPropertyValue":{"property_name":"m_fMotionStretchFactor","value":0}}]},{"SubEntityOperation":["f816cfc166f8181",{"SetPropertyValue":{"property_name":"m_fTimeToLiveSecondsMax","value":0}}]},{"SubEntityOperation":["f816cfc166f8181",{"SetPropertyValue":{"property_name":"m_fFriction","value":0}}]},{"SubEntityOperation":["f816cfc166f8181",{"SetPropertyValue":{"property_name":"SizeAddMin","value":0}}]},{"SubEntityOperation":["f816cfc166f8181",{"SetPropertyValue":{"property_name":"SizeAddMax","value":0}}]},{"SubEntityOperation":["f816cfc166f8181",{"SetPropertyValue":{"property_name":"m_fTimeToLiveSecondsMin","value":0}}]},{"SubEntityOperation":["f816cfc166f8181",{"SetPropertyValue":{"property_name":"m_fParticleSizeMin","value":0}}]},{"SubEntityOperation":["f816cfc166f8181",{"SetPropertyValue":{"property_name":"m_fParticleSizeMax","value":0}}]},{"SubEntityOperation":["3f4c3d396ad3b46e",{"SetPropertyValue":{"property_name":"m_ParticleColorRangeEnd","value":"#500000"}}]},{"SubEntityOperation":["3f4c3d396ad3b46e",{"SetPropertyValue":{"property_name":"m_ParticleColorRangeStart","value":"#500000"}}]},{"SubEntityOperation":["3f4c3d396ad3b46e",{"SetPropertyValue":{"property_name":"m_FixedAlpha","value":0}}]},{"SubEntityOperation":["3f4c3d396ad3b46e",{"SetPropertyValue":{"property_name":"m_fMotionStretchFactor","value":0}}]},{"SubEntityOperation":["3f4c3d396ad3b46e",{"SetPropertyValue":{"property_name":"m_fTimeToLiveSecondsMax","value":0}}]},{"SubEntityOperation":["3f4c3d396ad3b46e",{"SetPropertyValue":{"property_name":"m_fFriction","value":0}}]},{"SubEntityOperation":["3f4c3d396ad3b46e",{"SetPropertyValue":{"property_name":"SizeAddMin","value":0}}]},{"SubEntityOperation":["3f4c3d396ad3b46e",{"SetPropertyValue":{"property_name":"SizeAddMax","value":0}}]},{"SubEntityOperation":["3f4c3d396ad3b46e",{"SetPropertyValue":{"property_name":"m_fTimeToLiveSecondsMin","value":0}}]},{"SubEntityOperation":["3f4c3d396ad3b46e",{"SetPropertyValue":{"property_name":"m_fParticleSizeMin","value":0}}]},{"SubEntityOperation":["3f4c3d396ad3b46e",{"SetPropertyValue":{"property_name":"m_fParticleSizeMax","value":0}}]},{"SubEntityOperation":["53acfb43d7999aac",{"SetPropertyValue":{"property_name":"m_ParticleColorRangeEnd","value":"#500000"}}]},{"SubEntityOperation":["53acfb43d7999aac",{"SetPropertyValue":{"property_name":"m_ParticleColorRangeStart","value":"#500000"}}]},{"SubEntityOperation":["53acfb43d7999aac",{"SetPropertyValue":{"property_name":"m_FixedAlpha","value":0}}]},{"SubEntityOperation":["53acfb43d7999aac",{"SetPropertyValue":{"property_name":"m_fMotionStretchFactor","value":0}}]},{"SubEntityOperation":["53acfb43d7999aac",{"SetPropertyValue":{"property_name":"m_fTimeToLiveSecondsMax","value":0}}]},{"SubEntityOperation":["53acfb43d7999aac",{"SetPropertyValue":{"property_name":"m_fFriction","value":0}}]},{"SubEntityOperation":["53acfb43d7999aac",{"SetPropertyValue":{"property_name":"SizeAddMin","value":0}}]},{"SubEntityOperation":["53acfb43d7999aac",{"SetPropertyValue":{"property_name":"SizeAddMax","value":0}}]},{"SubEntityOperation":["53acfb43d7999aac",{"SetPropertyValue":{"property_name":"m_fTimeToLiveSecondsMin","value":0}}]},{"SubEntityOperation":["53acfb43d7999aac",{"SetPropertyValue":{"property_name":"m_fParticleSizeMin","value":0}}]},{"SubEntityOperation":["53acfb43d7999aac",{"SetPropertyValue":{"property_name":"m_fParticleSizeMax","value":0}}]},{"SubEntityOperation":["76df8cfb1cb5a70d",{"SetPropertyValue":{"property_name":"Reflectance","value":0}}]},{"SubEntityOperation":["15a27fa7e93708fb",{"SetPropertyValue":{"property_name":"m_ParticleColorRangeEnd","value":"#500000"}}]},{"SubEntityOperation":["15a27fa7e93708fb",{"SetPropertyValue":{"property_name":"m_ParticleColorRangeStart","value":"#500000"}}]},{"SubEntityOperation":["15a27fa7e93708fb",{"SetPropertyValue":{"property_name":"m_FixedAlpha","value":0}}]},{"SubEntityOperation":["15a27fa7e93708fb",{"SetPropertyValue":{"property_name":"m_fMotionStretchFactor","value":0}}]},{"SubEntityOperation":["15a27fa7e93708fb",{"SetPropertyValue":{"property_name":"m_fTimeToLiveSecondsMax","value":0}}]},{"SubEntityOperation":["15a27fa7e93708fb",{"SetPropertyValue":{"property_name":"m_fFriction","value":0}}]},{"SubEntityOperation":["15a27fa7e93708fb",{"SetPropertyValue":{"property_name":"SizeAddMin","value":0}}]},{"SubEntityOperation":["15a27fa7e93708fb",{"SetPropertyValue":{"property_name":"SizeAddMax","value":0}}]},{"SubEntityOperation":["15a27fa7e93708fb",{"SetPropertyValue":{"property_name":"m_fTimeToLiveSecondsMin","value":0}}]},{"SubEntityOperation":["15a27fa7e93708fb",{"SetPropertyValue":{"property_name":"m_fParticleSizeMin","value":0}}]},{"SubEntityOperation":["15a27fa7e93708fb",{"SetPropertyValue":{"property_name":"m_fParticleSizeMax","value":0}}]},{"SubEntityOperation":["d09fdcaea2b7f2f1",{"SetPropertyValue":{"property_name":"Reflectance","value":0}}]},{"SubEntityOperation":["d09fdcaea2b7f2f1",{"SetPropertyValue":{"property_name":"Translucency","value":0}}]},{"SubEntityOperation":["fe310f221a2cebc2",{"SetPropertyValue":{"property_name":"m_ParticleColorRangeEnd","value":"#500000"}}]},{"SubEntityOperation":["fe310f221a2cebc2",{"SetPropertyValue":{"property_name":"m_ParticleColorRangeStart","value":"#500000"}}]},{"SubEntityOperation":["e1bf0fa935b8f68",{"SetPropertyValue":{"property_name":"m_ParticleColorRangeEnd","value":"#500000"}}]},{"SubEntityOperation":["e1bf0fa935b8f68",{"SetPropertyValue":{"property_name":"m_ParticleColorRangeStart","value":"#500000"}}]},{"SubEntityOperation":["e1bf0fa935b8f68",{"SetPropertyValue":{"property_name":"m_FixedAlpha","value":0}}]},{"SubEntityOperation":["e1bf0fa935b8f68",{"SetPropertyValue":{"property_name":"m_fMotionStretchFactor","value":0}}]},{"SubEntityOperation":["e1bf0fa935b8f68",{"SetPropertyValue":{"property_name":"m_fTimeToLiveSecondsMax","value":0}}]},{"SubEntityOperation":["e1bf0fa935b8f68",{"SetPropertyValue":{"property_name":"m_fWindMultiplier","value":0}}]},{"SubEntityOperation":["e1bf0fa935b8f68",{"SetPropertyValue":{"property_name":"m_vGravity","value":{"x":0,"y":0,"z":0}}}]},{"SubEntityOperation":["e1bf0fa935b8f68",{"SetPropertyValue":{"property_name":"m_fFriction","value":0}}]},{"SubEntityOperation":["e1bf0fa935b8f68",{"SetPropertyValue":{"property_name":"SizeAddMin","value":0}}]},{"SubEntityOperation":["e1bf0fa935b8f68",{"SetPropertyValue":{"property_name":"SizeAddMax","value":0}}]},{"SubEntityOperation":["e1bf0fa935b8f68",{"SetPropertyValue":{"property_name":"m_fTimeToLiveSecondsMin","value":0}}]},{"SubEntityOperation":["e1bf0fa935b8f68",{"SetPropertyValue":{"property_name":"m_fParticleSizeMin","value":0}}]},{"SubEntityOperation":["e1bf0fa935b8f68",{"SetPropertyValue":{"property_name":"m_fParticleSizeMax","value":0}}]}],"patchVersion":6}