{
    "tempHash": "00AAD0F7BF22DE8E",
    "tbluHash": "0032666550C86A67",
    "patch": [
      {
        "SubEntityOperation": [
          "1a9a3ebf889f827d",
          {
            "RemoveEventConnection": [
              "DumpsterStartDumpingBody",
              "BlendIn",
              "a1d2b09fe8134aaa"
            ]
          }
        ]
      },
      {
        "SubEntityOperation": [
          "1a9a3ebf889f827d",
          {
            "RemoveEventConnection": [
              "DumpsterEndDumpingBody",
              "BlendOut",
              "a1d2b09fe8134aaa"
            ]
          }
        ]
      }
    ],
    "patchVersion": 6
  }