{
  "tempHash": "002C97C79B082580",
  "tbluHash": "00D1336CAD69EA84",
  "patch": [
    {
      "SubEntityOperation": [
        "51e37b876741e02e",
        {
          "SetPropertyValue": {
            "property_name": "m_mTransform",
            "value": {
              "rotation": {
                "x": 0,
                "y": 0,
                "z": 0
              },
              "position": {
                "x": 0.05000000074505806,
                "y": 0.7250000238418579,
                "z": 0
              }
            }
          }
        }
      ]
    },
    {
      "SubEntityOperation": [
        "93ffda221987b5b4",
        {
          "SetPropertyValue": {
            "property_name": "m_mTransform",
            "value": {
              "rotation": {
                "x": 0,
                "y": 0,
                "z": 179.99998474121105
              },
              "position": {
                "x": -0.02500000037252903,
                "y": -0.6050000190734863,
                "z": 0
              }
            }
          }
        }
      ]
    },
    {
      "SubEntityOperation": [
        "faef2d7663fcbbc0",
        {
          "SetPropertyValue": {
            "property_name": "m_mTransform",
            "value": {
              "rotation": {
                "x": 0,
                "y": 0,
                "z": 179.99998474121105
              },
              "position": {
                "x": 0,
                "y": -0.20000000298023224,
                "z": 1.2000000476837158
              }
            }
          }
        }
      ]
    },
    {
      "SubEntityOperation": [
        "ad3697b58a630ade",
        {
          "SetPropertyValue": {
            "property_name": "m_mTransform",
            "value": {
              "rotation": {
                "x": 0,
                "y": 0,
                "z": 0
              },
              "position": {
                "x": 0.20000000298023224,
                "y": 0.7049999833106995,
                "z": 0
              }
            }
          }
        }
      ]
    },
    {
      "SubEntityOperation": [
        "23069a81ec80ea91",
        {
          "SetPropertyValue": {
            "property_name": "m_mTransform",
            "value": {
              "rotation": {
                "x": 179.99998474121105,
                "y": -90,
                "z": 0
              },
              "position": {
                "x": 0,
                "y": 0,
                "z": 1
              }
            }
          }
        }
      ]
    },
    {
      "SubEntityOperation": [
        "c17dc23a4f941430",
        {
          "SetPropertyValue": {
            "property_name": "m_mTransform",
            "value": {
              "rotation": {
                "x": 0,
                "y": 0,
                "z": 179.99998474121105
              },
              "position": {
                "x": -0.000000029802320611338473,
                "y": -0.07000000029802322,
                "z": -0.06999999284744263
              }
            }
          }
        }
      ]
    },
    {
      "SubEntityOperation": [
        "efe1e8027df71005",
        {
          "RemoveAllEventConnectionsForTrigger": [
            "KeyCompleted",
            "Poll"
          ]
        }
      ]
    },
    {
      "SubEntityOperation": [
        "efe1e8027df71005",
        {
          "RemoveAllEventConnectionsForTrigger": [
            "LockpickCompleted",
            "Poll"
          ]
        }
      ]
    }
  ],
  "patchVersion": 6
}