{
  "tempHash": "004F0E4EE440B266",
  "tbluHash": "00F43E414CE789A1",
  "patch": [
    {
      "SubEntityOperation": [
        "2841dfd8a4c2b2c6",
        {
          "SetPropertyValue": {
            "property_name": "m_mTransform",
            "value": {
              "rotation": {
                "x": 0,
                "y": 0,
                "z": 179.99998474121105
              },
              "position": {
                "x": 0.00000095367431640625,
                "y": -0.20000000298023224,
                "z": 1.2000000476837158
              }
            }
          }
        }
      ]
    },
    {
      "SubEntityOperation": [
        "15e799e1485e1152",
        {
          "RemoveAllEventConnectionsForTrigger": [
            "KeyCompleted",
            "Poll"
          ]
        }
      ]
    },
    {
      "SubEntityOperation": [
        "15e799e1485e1152",
        {
          "RemoveAllEventConnectionsForTrigger": [
            "LockpickCompleted",
            "Poll"
          ]
        }
      ]
    },
    {
      "SubEntityOperation": [
        "12fcae51e292611b",
        {
          "SetPropertyValue": {
            "property_name": "m_mTransform",
            "value": {
              "rotation": {
                "x": 0,
                "y": 0,
                "z": -179.99998474121105
              },
              "position": {
                "x": -0.07500000298023224,
                "y": -0.6850000023841858,
                "z": 0
              }
            }
          }
        }
      ]
    },
    {
      "SubEntityOperation": [
        "1e45d9907aaeefa7",
        {
          "SetPropertyValue": {
            "property_name": "m_mTransform",
            "value": {
              "rotation": {
                "x": 0,
                "y": 0,
                "z": 0
              },
              "position": {
                "x": -0.07500000298023224,
                "y": 0.7300000190734863,
                "z": 0
              }
            }
          }
        }
      ]
    },
    {
      "SubEntityOperation": [
        "ea7df22dca9b9229",
        {
          "SetPropertyValue": {
            "property_name": "m_mTransform",
            "value": {
              "rotation": {
                "x": 0,
                "y": 0,
                "z": 179.99998474121105
              },
              "position": {
                "x": 0,
                "y": 0,
                "z": 1.2000000476837158
              }
            }
          }
        }
      ]
    },
    {
      "SubEntityOperation": [
        "e4bad3e73f9b4f93",
        {
          "SetPropertyValue": {
            "property_name": "m_mTransform",
            "value": {
              "rotation": {
                "x": 0,
                "y": 0,
                "z": 179.99998474121105
              },
              "position": {
                "x": -0.07500000298023224,
                "y": -0.7049999833106995,
                "z": 0
              }
            }
          }
        }
      ]
    },
    {
      "SubEntityOperation": [
        "74e9e1cfedf081fe",
        {
          "SetPropertyValue": {
            "property_name": "m_mTransform",
            "value": {
              "rotation": {
                "x": 0,
                "y": 0,
                "z": 0
              },
              "position": {
                "x": -0.10000000149011612,
                "y": 0.7099999785423279,
                "z": 0
              }
            }
          }
        }
      ]
    },
    {
      "SubEntityOperation": [
        "d58fb4b66429a809",
        {
          "SetPropertyValue": {
            "property_name": "m_mTransform",
            "value": {
              "rotation": {
                "x": 179.99998474121105,
                "y": -90,
                "z": 0
              },
              "position": {
                "x": -0.0000002682209014892578,
                "y": 0.00000000000002348842013900551,
                "z": 1
              }
            }
          }
        }
      ]
    },
    {
      "SubEntityOperation": [
        "2b71ffce54a5ca77",
        {
          "SetPropertyValue": {
            "property_name": "m_mTransform",
            "value": {
              "rotation": {
                "x": 0,
                "y": 0,
                "z": 179.99998474121105
              },
              "position": {
                "x": 0.0000004768372150465439,
                "y": -0.07000000029802322,
                "z": -0.06999999284744263
              }
            }
          }
        }
      ]
    }
  ],
  "patchVersion": 6
}