{"tempHash":"003AEEABDAC61D0F","tbluHash":"0030CB5CE7B189AD","patch":[{"SubEntityOperation":["0e3a920f6013a8a1",{"SetPropertyValue":{"property_name":"m_mTransform","value":{"rotation":{"x":0,"y":0,"z":180},"position":{"x":0.05,"y":-0.655,"z":0}}}}]},{"SubEntityOperation":["51e37b876741e02e",{"SetPropertyValue":{"property_name":"m_mTransform","value":{"rotation":{"x":0,"y":0,"z":0},"position":{"x":0.05,"y":0.675,"z":0}}}}]},{"SubEntityOperation":["93ffda221987b5b4",{"SetPropertyValue":{"property_name":"m_mTransform","value":{"rotation":{"x":0,"y":0,"z":180},"position":{"x":0.05,"y":-0.67,"z":0}}}}]},{"SubEntityOperation":["ad3697b58a630ade",{"SetPropertyValue":{"property_name":"m_mTransform","value":{"rotation":{"x":0,"y":0,"z":0},"position":{"x":0.025,"y":0.67,"z":0}}}}]},{"SubEntityOperation":["c17dc23a4f941430",{"SetPropertyValue":{"property_name":"m_mTransform","value":{"rotation":{"x":0,"y":0,"z":180},"position":{"x":0,"y":-0.07,"z":-0.07}}}}]},{"SubEntityOperation":["8947270d396b3254",{"SetPropertyValue":{"property_name":"m_mTransform","value":{"rotation":{"x":0,"y":0,"z":0},"position":{"x":-0.000000029802320611338473,"y":0,"z":0.8999999761581421}}}}]},{"SubEntityOperation":["efe1e8027df71005",{"RemoveAllEventConnectionsForTrigger":["KeyCompleted","Poll"]}]},{"SubEntityOperation":["efe1e8027df71005",{"RemoveAllEventConnectionsForTrigger":["LockpickCompleted","Poll"]}]}],"patchVersion":6}