{"tempHash":"009D4FE3B18486E1","tbluHash":"00B10016DEF95CC6","patch":[{"SubEntityOperation":["15e799e1485e1152",{"RemoveAllEventConnectionsForTrigger":["KeyCompleted","Poll"]}]},{"SubEntityOperation":["15e799e1485e1152",{"RemoveAllEventConnectionsForTrigger":["LockpickCompleted","Poll"]}]},{"SubEntityOperation":["12fcae51e292611b",{"SetPropertyValue":{"property_name":"m_mTransform","value":{"rotation":{"x":0,"y":0,"z":-179.99999499104388},"position":{"x":-0.07500000298023224,"y":-0.6600000262260437,"z":0}}}}]},{"SubEntityOperation":["1e45d9907aaeefa7",{"SetPropertyValue":{"property_name":"m_mTransform","value":{"rotation":{"x":0,"y":0,"z":0},"position":{"x":-0.07500000298023224,"y":0.6650000214576721,"z":0}}}}]},{"SubEntityOperation":["e4bad3e73f9b4f93",{"SetPropertyValue":{"property_name":"m_mTransform","value":{"rotation":{"x":0,"y":0,"z":179.99999499104388},"position":{"x":-0.07500000298023224,"y":-0.6650000214576721,"z":0}}}}]},{"SubEntityOperation":["74e9e1cfedf081fe",{"SetPropertyValue":{"property_name":"m_mTransform","value":{"rotation":{"x":0,"y":0,"z":0},"position":{"x":-0.10000000149011612,"y":0.6600000262260437,"z":0}}}}]}],"patchVersion":6}