{
  "tempHash": "00B4A930E98D8EB3",
  "tbluHash": "005174B75EE9FE7D",
  "patch": [
    {
      "SubEntityOperation": [
        "2841dfd8a4c2b2c6",
        {
          "SetPropertyValue": {
            "property_name": "m_mTransform",
            "value": {
              "rotation": {
                "x": 0,
                "y": 0,
                "z": 180
              },
              "position": {
                "x": 0,
                "y": -0.2,
                "z": 1.2
              }
            }
          }
        }
      ]
    },
    {
      "SubEntityOperation": [
        "15e799e1485e1152",
        {
          "RemoveAllEventConnectionsForTrigger": [
            "KeyCompleted",
            "Poll"
          ]
        }
      ]
    },
    {
      "SubEntityOperation": [
        "15e799e1485e1152",
        {
          "RemoveAllEventConnectionsForTrigger": [
            "LockpickCompleted",
            "Poll"
          ]
        }
      ]
    },
    {
      "SubEntityOperation": [
        "12fcae51e292611b",
        {
          "SetPropertyValue": {
            "property_name": "m_mTransform",
            "value": {
              "rotation": {
                "x": 0,
                "y": 0,
                "z": -180
              },
              "position": {
                "x": -0.075,
                "y": -0.675,
                "z": 0
              }
            }
          }
        }
      ]
    },
    {
      "SubEntityOperation": [
        "1e45d9907aaeefa7",
        {
          "SetPropertyValue": {
            "property_name": "m_mTransform",
            "value": {
              "rotation": {
                "x": 0,
                "y": 0,
                "z": 0
              },
              "position": {
                "x": -0.075,
                "y": 0.68,
                "z": 0
              }
            }
          }
        }
      ]
    },
    {
      "SubEntityOperation": [
        "ea7df22dca9b9229",
        {
          "SetPropertyValue": {
            "property_name": "m_mTransform",
            "value": {
              "rotation": {
                "x": 0,
                "y": 0,
                "z": 180
              },
              "position": {
                "x": 0,
                "y": 0,
                "z": 1.2
              }
            }
          }
        }
      ]
    },
    {
      "SubEntityOperation": [
        "e4bad3e73f9b4f93",
        {
          "SetPropertyValue": {
            "property_name": "m_mTransform",
            "value": {
              "rotation": {
                "x": 0,
                "y": 0,
                "z": 180
              },
              "position": {
                "x": -0.075,
                "y": -0.68,
                "z": 0
              }
            }
          }
        }
      ]
    },
    {
      "SubEntityOperation": [
        "74e9e1cfedf081fe",
        {
          "SetPropertyValue": {
            "property_name": "m_mTransform",
            "value": {
              "rotation": {
                "x": 0,
                "y": 0,
                "z": 0
              },
              "position": {
                "x": -0.1,
                "y": 0.675,
                "z": 0
              }
            }
          }
        }
      ]
    },
    {
      "SubEntityOperation": [
        "d58fb4b66429a809",
        {
          "SetPropertyValue": {
            "property_name": "m_mTransform",
            "value": {
              "rotation": {
                "x": 180,
                "y": -90,
                "z": 0
              },
              "position": {
                "x": 0,
                "y": 0,
                "z": 1
              }
            }
          }
        }
      ]
    },
    {
      "SubEntityOperation": [
        "2b71ffce54a5ca77",
        {
          "SetPropertyValue": {
            "property_name": "m_mTransform",
            "value": {
              "rotation": {
                "x": 0,
                "y": 0,
                "z": 180
              },
              "position": {
                "x": 0,
                "y": -0.07,
                "z": -0.07
              }
            }
          }
        }
      ]
    }
  ],
  "patchVersion": 6
}