{
  "tempHash": "0072BC2B790950B2",
  "tbluHash": "00DDE321E5355684",
  "patch": [
    {
      "SubEntityOperation": [
        "e41b4e98f3187edf",
        {
          "RemoveEventConnection": [
            "OnTrue",
            "BlendIn",
            "e0043f327a6752e1"
          ]
        }
      ]
    },
    {
      "SubEntityOperation": [
        "e41b4e98f3187edf",
        {
          "RemoveEventConnection": [
            "OnFalse",
            "BlendOut",
            "e0043f327a6752e1"
          ]
        }
      ]
    }
  ],
  "patchVersion": 6
}