{
  "tempHash": "00AAD0F7BF22DE8E",
  "tbluHash": "0032666550C86A67",
  "patch": [
    {
      "SubEntityOperation": [
        "d9d98b447b43ca3d",
        {
          "RemoveEventConnection": [
            "GameTensionGuardHM_Combat",
            "BlendInOut",
            "c7d7ef055fc60650"
          ]
        }
      ]
    },
    {
      "SubEntityOperation": [
        "d9d98b447b43ca3d",
        {
          "RemoveEventConnection": [
            "GameTensionGuardHM_Arrest",
            "BlendInOut",
            "7be915b179dd75de"
          ]
        }
      ]
    },
    {
      "SubEntityOperation": [
        "d9d98b447b43ca3d",
        {
          "RemoveEventConnection": [
            "GameTensionGuardHM_Hunting",
            "BlendInOut",
            "7be915b179dd75de"
          ]
        }
      ]
    }
  ],
  "patchVersion": 6
}