{
  "tempHash": "0072BC2B790950B2",
  "tbluHash": "00DDE321E5355684",
  "patch": [
    {
      "SubEntityOperation": [
        "a1caf58fb549abcb",
        {
          "RemoveEventConnection": [
            "Out",
            "BlendInOut",
            "eb3d74fef437268f"
          ]
        }
      ]
    },
    {
      "SubEntityOperation": [
        "4c888e571ec99dd6",
        {
          "RemoveEventConnection": [
            "CC_Impact_Hitman",
            "BlendInOut",
            "eb3d74fef437268f"
          ]
        }
      ]
    }
  ],
  "patchVersion": 6
}