{
  "tempHash": "0016522525D77F22",
  "tbluHash": "00B1D48E269E367C",
  "patch": [
    {
      "SubEntityOperation": [
        "9f06d1594e85743c",
        {
          "SetPropertyValue": {
            "property_name": "m_animationResourceID",
            "value": {
              "resource": "00663F16BE8BC871",
              "flag": "5F"
            }
          }
        }
      ]
    },
    {
      "SubEntityOperation": [
        "d36d285a672d8938",
        {
          "SetPropertyValue": {
            "property_name": "m_animationResourceID",
            "value": {
              "resource": "[assembly:/animations/hitman01/movement/019_weapon actions/weapon_gripposes/hm_weapon_arm_and_grip_poses_npc_smg.xmd?/gun_relaxed_to_aim.xmdtake](cutsequence).pc_animation",
              "flag": "5F"
            }
          }
        }
      ]
    },
    {
      "SubEntityOperation": [
        "7ed80c922572281f",
        {
          "SetPropertyValue": {
            "property_name": "m_animationResourceID",
            "value": {
              "resource": "00F7BDA015C9B8FC",
              "flag": "5F"
            }
          }
        }
      ]
    }
  ],
  "patchVersion": 6
}