{
  "tempHash": "00D0B5F2CDEC4957",
  "tbluHash": "005BE0A3599F5D60",
  "patch": [
    {
      "SubEntityOperation": [
        "657565bb0ca39d6a",
        {
          "SetPropertyValue": {
            "property_name": "m_animationResourceID",
            "value": {
              "resource": "[assembly:/animations/hitman01/movement/019_weapon actions/weapon_gripposes/hm_weapon_arm_and_grip_poses_npc_smg.xmd?/gun_relaxed_to_aim.xmdtake](cutsequence).pc_animation",
              "flag": "5F"
            }
          }
        }
      ]
    },
    {
      "SubEntityOperation": [
        "562b455f92412ced",
        {
          "SetPropertyValue": {
            "property_name": "m_animationResourceID",
            "value": {
              "resource": "00663F16BE8BC871",
              "flag": "5F"
            }
          }
        }
      ]
    },
    {
      "SubEntityOperation": [
        "ba12f0b1379a398b",
        {
          "SetPropertyValue": {
            "property_name": "m_animationResourceID",
            "value": {
              "resource": "00F7BDA015C9B8FC",
              "flag": "5F"
            }
          }
        }
      ]
    }
  ],
  "patchVersion": 6
}