{
  "tempHash": "00F15578EBE54133",
  "tbluHash": "009C4DA957AD1818",
  "patch": [
    {
      "SubEntityOperation": [
        "fa8ad7ec4d51801b",
        {
          "SetPropertyValue": {
            "property_name": "m_animationResourceID",
            "value": {
              "resource": "00F7BDA015C9B8FC",
              "flag": "5F"
            }
          }
        }
      ]
    },
    {
      "SubEntityOperation": [
        "bc7bebd7f29d947a",
        {
          "SetPropertyValue": {
            "property_name": "m_animationResourceID",
            "value": {
              "resource": "00663F16BE8BC871",
              "flag": "5F"
            }
          }
        }
      ]
    },
    {
      "SubEntityOperation": [
        "11c0416004f109c2",
        {
          "SetPropertyValue": {
            "property_name": "m_animationResourceID",
            "value": {
              "resource": "[assembly:/animations/hitman01/movement/019_weapon actions/weapon_gripposes/hm_weapon_arm_and_grip_poses_npc_smg.xmd?/gun_relaxed_to_aim.xmdtake](cutsequence).pc_animation",
              "flag": "5F"
            }
          }
        }
      ]
    }
  ],
  "patchVersion": 6
}