{
    "tempHash": "0072BC2B790950B2",
    "tbluHash": "00DDE321E5355684",
    "patch": [
      {
        "SubEntityOperation": [
          "1a9a3ebf889f827d",
          {
            "RemoveEventConnection": [
              "DumpsterStartDumpingBody",
              "BlendIn",
              "a1d2b09fe8134aaa"
            ]
          }
        ]
      },
      {
        "SubEntityOperation": [
          "1a9a3ebf889f827d",
          {
            "RemoveEventConnection": [
              "DumpsterEndDumpingBody",
              "BlendOut",
              "a1d2b09fe8134aaa"
            ]
          }
        ]
      }
    ],
    "patchVersion": 6
  }