{
  "tempHash": "0016522525D77F22",
  "tbluHash": "00B1D48E269E367C",
  "patch": [
    {
      "AddEntity": [
        "f65be5e5cdb6f704",
        {
          "parent": "1c11237a9abca414",
          "name": "handAttachOverride",
          "factory": "[modules:/zspatialentity.class].pc_entitytype",
          "blueprint": "[modules:/zspatialentity.class].pc_entityblueprint",
          "properties": {
            "m_mTransform": {
              "type": "SMatrix43",
              "value": {
                "rotation": {
                  "x": 1.5,
                  "y": 0,
                  "z": 0
                },
                "position": {
                  "x": -0.0025,
                  "y": 0.0125,
                  "z": 0.005
                }
              }
            },
            "m_eidParent": {
              "type": "SEntityTemplateReference",
              "value": "1c11237a9abca414",
              "postInit": true
            }
          }
        }
      ]
    },
    {
      "SubEntityOperation": [
        "15b2efe0ac223cac",
        {
          "AddProperty": [
            "m_PosHandAttach",
            {
              "type": "SEntityTemplateReference",
              "value": "f65be5e5cdb6f704"
            }
          ]
        }
      ]
    }
  ],
  "patchVersion": 6
}