{
  "tempHash": "0017BFD1ED422A0B",
  "tbluHash": "00AF77A980388D81",
  "patch": [
    {
      "SubEntityOperation": [
        "a223cbf525b5e717",
        {
          "SetName": "handAttachOverride"
        }
      ]
    },
    {
      "SubEntityOperation": [
        "a223cbf525b5e717",
        {
          "SetPropertyValue": {
            "property_name": "m_mTransform",
            "value": {
              "rotation": {
                "x": 1,
                "y": 0,
                "z": 0
              },
              "position": {
                "x": 0,
                "y": 0.0075,
                "z": 0.0025
              }
            }
          }
        }
      ]
    }
  ],
  "patchVersion": 6
}