{
  "tempHash": "006165D52DC45D6A",
  "tbluHash": "0012DC5DBF374D4F",
  "patch": [
    {
      "SubEntityOperation": [
        "5bcebdec21ab56c1",
        {
          "SetPropertyValue": {
            "property_name": "m_mTransform",
            "value": {
              "rotation": {
                "x": -0.5,
                "y": 0,
                "z": 0
              },
              "position": {
                "x": -0.0025,
                "y": 0.0025,
                "z": 0.0075
              }
            }
          }
        }
      ]
    }
  ],
  "patchVersion": 6
}