{
  "tempHash": "00636DDEAF067275",
  "tbluHash": "004692B3F27E2B7D",
  "patch": [
    {
      "AddEntity": [
        "f65be5e5cdb6f704",
        {
          "parent": "bccaa4eb415d214d",
          "name": "handAttachOverride",
          "factory": "[modules:/zspatialentity.class].pc_entitytype",
          "blueprint": "[modules:/zspatialentity.class].pc_entityblueprint",
          "properties": {
            "m_mTransform": {
              "type": "SMatrix43",
              "value": {
                "rotation": {
                  "x": 1.5,
                  "y": 0,
                  "z": 0
                },
                "position": {
                  "x": -0.0025,
                  "y": 0.0125,
                  "z": 0.005
                }
              }
            },
            "m_eidParent": {
              "type": "SEntityTemplateReference",
              "value": "bccaa4eb415d214d",
              "postInit": true
            }
          }
        }
      ]
    },
    {
      "SubEntityOperation": [
        "65845c565df4c82c",
        {
          "AddProperty": [
            "m_PosHandAttach",
            {
              "type": "SEntityTemplateReference",
              "value": "f65be5e5cdb6f704"
            }
          ]
        }
      ]
    }
  ],
  "patchVersion": 6
}