{
  "tempHash": "006A5BFCCAD1CEA0",
  "tbluHash": "00A7844ACFED9E02",
  "patch": [
    {
      "SubEntityOperation": [
        "979edb850b149d6e",
        {
          "SetPropertyValue": {
            "property_name": "m_mTransform",
            "value": {
              "rotation": {
                "x": -0.5,
                "y": 0,
                "z": 0
              },
              "position": {
                "x": -0.0025,
                "y": 0.0025,
                "z": 0.0075
              }
            }
          }
        }
      ]
    }
  ],
  "patchVersion": 6
}