{
  "tempHash": "0076A360BA83C31C",
  "tbluHash": "00E2A41BC924235D",
  "patch": [
    {
      "AddEntity": [
        "f65be5e5cdb6f704",
        {
          "parent": "e9c4e067bf12aa6a",
          "name": "handAttachOverride",
          "factory": "[modules:/zspatialentity.class].pc_entitytype",
          "blueprint": "[modules:/zspatialentity.class].pc_entityblueprint",
          "properties": {
            "m_mTransform": {
              "type": "SMatrix43",
              "value": {
                "rotation": {
                  "x": 2,
                  "y": 0,
                  "z": 0
                },
                "position": {
                  "x": 0,
                  "y": 0.025,
                  "z": 0.005
                }
              }
            },
            "m_eidParent": {
              "type": "SEntityTemplateReference",
              "value": "e9c4e067bf12aa6a",
              "postInit": true
            }
          }
        }
      ]
    },
    {
      "SubEntityOperation": [
        "9f0a0be8dc60c894",
        {
          "AddProperty": [
            "m_PosHandAttach",
            {
              "type": "SEntityTemplateReference",
              "value": "f65be5e5cdb6f704"
            }
          ]
        }
      ]
    }
  ],
  "patchVersion": 6
}