{
  "tempHash": "00C373061CC49589",
  "tbluHash": "00D2601BE127EC7B",
  "patch": [
    {
      "SubEntityOperation": [
        "f65be5e5cdb6f704",
        {
          "SetPropertyValue": {
            "property_name": "m_mTransform",
            "value": {
              "rotation": {
                "x": 0,
                "y": 0,
                "z": 0
              },
              "position": {
                "x": -0.00125,
                "y": 0,
                "z": 0.0025
              }
            }
          }
        }
      ]
    }
  ],
  "patchVersion": 6
}