{
  "tempHash": "00C8A0B6A7F5C6B5",
  "tbluHash": "001E03BE5CEEAAE7",
  "patch": [
    {
      "SubEntityOperation": [
        "58ab929605760f5f",
        {
          "SetPropertyValue": {
            "property_name": "m_mTransform",
            "value": {
              "rotation": {
                "x": 0,
                "y": 0,
                "z": 0
              },
              "position": {
                "x": 0,
                "y": 0,
                "z": 0.01
              }
            }
          }
        }
      ]
    },
    {
      "AddEntity": [
        "f65be5e5cdb6f704",
        {
          "parent": "c6e192d2bc079667",
          "name": "handAttachOverride",
          "factory": "[modules:/zspatialentity.class].pc_entitytype",
          "blueprint": "[modules:/zspatialentity.class].pc_entityblueprint",
          "properties": {
            "m_mTransform": {
              "type": "SMatrix43",
              "value": {
                "rotation": {
                  "x": 1,
                  "y": 0,
                  "z": 0
                },
                "position": {
                  "x": 0,
                  "y": 0.01,
                  "z": 0.0125
                }
              }
            },
            "m_eidParent": {
              "type": "SEntityTemplateReference",
              "value": "c6e192d2bc079667",
              "postInit": true
            }
          }
        }
      ]
    },
    {
      "SubEntityOperation": [
        "78fca4ec59e155dd",
        {
          "AddProperty": [
            "m_PosHandAttach",
            {
              "type": "SEntityTemplateReference",
              "value": "f65be5e5cdb6f704"
            }
          ]
        }
      ]
    }
  ],
  "patchVersion": 6
}