{
  "tempHash": "00D0B5F2CDEC4957",
  "tbluHash": "005BE0A3599F5D60",
  "patch": [
    {
      "SubEntityOperation": [
        "e9617b30469b0559",
        {
          "SetPropertyValue": {
            "property_name": "m_mTransform",
            "value": {
              "rotation": {
                "x": 0,
                "y": 0,
                "z": 0
              },
              "position": {
                "x": 0,
                "y": 0,
                "z": 0.02
              }
            }
          }
        }
      ]
    },
    {
      "AddEntity": [
        "f65be5e5cdb6f704",
        {
          "parent": "59435017972c6027",
          "name": "handAttachOverride",
          "factory": "[modules:/zspatialentity.class].pc_entitytype",
          "blueprint": "[modules:/zspatialentity.class].pc_entityblueprint",
          "properties": {
            "m_mTransform": {
              "type": "SMatrix43",
              "value": {
                "rotation": {
                  "x": 1,
                  "y": 0,
                  "z": 0
                },
                "position": {
                  "x": 0,
                  "y": 0.01,
                  "z": 0.01
                }
              }
            },
            "m_eidParent": {
              "type": "SEntityTemplateReference",
              "value": "59435017972c6027",
              "postInit": true
            }
          }
        }
      ]
    },
    {
      "SubEntityOperation": [
        "4d4114ce234cb361",
        {
          "AddProperty": [
            "m_PosHandAttach",
            {
              "type": "SEntityTemplateReference",
              "value": "f65be5e5cdb6f704"
            }
          ]
        }
      ]
    }
  ],
  "patchVersion": 6
}