{
  "tempHash": "00F108740210E191",
  "tbluHash": "00B4545E0A6F168D",
  "patch": [
    {
      "SubEntityOperation": [
        "88fb43213298f614",
        {
          "SetPropertyValue": {
            "property_name": "m_mTransform",
            "value": {
              "rotation": {
                "x": -0.5,
                "y": 0,
                "z": 0
              },
              "position": {
                "x": -0.0025,
                "y": 0.0025,
                "z": 0.0075
              }
            }
          }
        }
      ]
    }
  ],
  "patchVersion": 6
}