{
  "tempHash": "00F15578EBE54133",
  "tbluHash": "009C4DA957AD1818",
  "patch": [
    {
      "SubEntityOperation": [
        "d4347c3d2ecdf2de",
        {
          "SetName": "handAttachOverride"
        }
      ]
    },
    {
      "SubEntityOperation": [
        "d4347c3d2ecdf2de",
        {
          "SetPropertyValue": {
            "property_name": "m_mTransform",
            "value": {
              "rotation": {
                "x": 0,
                "y": 0,
                "z": 0
              },
              "position": {
                "x": 0,
                "y": 0.005,
                "z": -0.0025
              }
            }
          }
        }
      ]
    }
  ],
  "patchVersion": 6
}