{
  "tempHash": "00376B0AC9245C86",
  "tbluHash": "00B1F78AD5118A59",
  "patch": [
    {
      "SubEntityOperation": [
        "23e8e94206a20fc8",
        {
          "SetPropertyValue": {
            "property_name": "m_mTransform",
            "value": {
              "rotation": {
                "x": -90,
                "y": 0,
                "z": -179.99998474121105
              },
              "position": {
                "x": 0,
                "y": 0,
                "z": 0
              }
            }
          }
        }
      ]
    },
    {
      "SubEntityOperation": [
        "1f1ff84a6236d129",
        {
          "SetPropertyValue": {
            "property_name": "m_mTransform",
            "value": {
              "rotation": {
                "x": -90,
                "y": 0,
                "z": -179.99998474121105
              },
              "position": {
                "x": 0,
                "y": 0,
                "z": 0
              }
            }
          }
        }
      ]
    },
    {
      "SubEntityOperation": [
        "5317e850c9280781",
        {
          "SetPropertyValue": {
            "property_name": "m_pMainEvent",
            "value": {
              "resource": "00DE6B4528F208FA",
              "flag": "5F"
            }
          }
        }
      ]
    },
    {
      "AddExtraFactoryDependency": {
        "resource": "001AA06479EA7071",
        "flag": "5F"
      }
    }
  ],
  "patchVersion": 6
}