{
  "tempHash": "008DD5037377EF4B",
  "tbluHash": "00F64A2B53C3BDD4",
  "patch": [
    {
      "SubEntityOperation": [
        "0e3a920f6013a8a1",
        {
          "SetPropertyValue": {
            "property_name": "m_mTransform",
            "value": {
              "rotation": {
                "x": 0,
                "y": 0,
                "z": 180
              },
              "position": {
                "x": 0.05,
                "y": -0.65,
                "z": 0
              }
            }
          }
        }
      ]
    },
    {
      "SubEntityOperation": [
        "51e37b876741e02e",
        {
          "SetPropertyValue": {
            "property_name": "m_mTransform",
            "value": {
              "rotation": {
                "x": 0,
                "y": 0,
                "z": 0
              },
              "position": {
                "x": 0.05,
                "y": 0.675,
                "z": 0
              }
            }
          }
        }
      ]
    },
    {
      "SubEntityOperation": [
        "93ffda221987b5b4",
        {
          "SetPropertyValue": {
            "property_name": "m_mTransform",
            "value": {
              "rotation": {
                "x": 0,
                "y": 0,
                "z": 180
              },
              "position": {
                "x": 0.01,
                "y": -0.655,
                "z": 0
              }
            }
          }
        }
      ]
    },
    {
      "SubEntityOperation": [
        "faef2d7663fcbbc0",
        {
          "SetPropertyValue": {
            "property_name": "m_mTransform",
            "value": {
              "rotation": {
                "x": 0,
                "y": 0,
                "z": 180
              },
              "position": {
                "x": 0,
                "y": -0.2,
                "z": 1.2
              }
            }
          }
        }
      ]
    },
    {
      "SubEntityOperation": [
        "ad3697b58a630ade",
        {
          "SetPropertyValue": {
            "property_name": "m_mTransform",
            "value": {
              "rotation": {
                "x": 0,
                "y": 0,
                "z": 0
              },
              "position": {
                "x": 0.15,
                "y": 0.655,
                "z": 0
              }
            }
          }
        }
      ]
    },
    {
      "SubEntityOperation": [
        "23069a81ec80ea91",
        {
          "SetPropertyValue": {
            "property_name": "m_mTransform",
            "value": {
              "rotation": {
                "x": 180,
                "y": -90,
                "z": 0
              },
              "position": {
                "x": 0,
                "y": 0,
                "z": 1
              }
            }
          }
        }
      ]
    },
    {
      "SubEntityOperation": [
        "c17dc23a4f941430",
        {
          "SetPropertyValue": {
            "property_name": "m_mTransform",
            "value": {
              "rotation": {
                "x": 0,
                "y": 0,
                "z": 180
              },
              "position": {
                "x": 0,
                "y": -0.07,
                "z": -0.07
              }
            }
          }
        }
      ]
    },
    {
      "SubEntityOperation": [
        "efe1e8027df71005",
        {
          "RemoveAllEventConnectionsForTrigger": [
            "KeyCompleted",
            "Poll"
          ]
        }
      ]
    },
    {
      "SubEntityOperation": [
        "efe1e8027df71005",
        {
          "RemoveAllEventConnectionsForTrigger": [
            "LockpickCompleted",
            "Poll"
          ]
        }
      ]
    }
  ],
  "patchVersion": 6
}