{
  "tempHash": "00AEAE49CE1D78E9",
  "tbluHash": "0063E6A421572AC1",
  "patch": [
    {
      "SubEntityOperation": [
        "9b0ca01bcd0d3178",
        {
          "SetPropertyValue": {
            "property_name": "m_pMainEvent",
            "value": {
              "resource": "00415E00F81F94B4",
              "flag": "5F"
            }
          }
        }
      ]
    },
    {
      "SubEntityOperation": [
        "96952e67454ee24c",
        {
          "SetPropertyValue": {
            "property_name": "m_pMainEvent",
            "value": {
              "resource": "00415E00F81F94B4",
              "flag": "5F"
            }
          }
        }
      ]
    }
  ],
  "patchVersion": 6
}