{
  "tempHash": "0072BC2B790950B2",
  "tbluHash": "00DDE321E5355684",
  "patch": [
    {
      "SubEntityOperation": [
        "815a090cc974224c",
        {
          "RemoveEventConnection": [
            "StartSurrender",
            "BlendIn",
            "96344df17aaa9e7f"
          ]
        }
      ]
    },
    {
      "SubEntityOperation": [
        "815a090cc974224c",
        {
          "RemoveEventConnection": [
            "StopSurrender",
            "BlendOut",
            "96344df17aaa9e7f"
          ]
        }
      ]
    },
    {
      "SubEntityOperation": [
        "815a090cc974224c",
        {
          "RemoveEventConnection": [
            "DisarmedEnemy",
            "BlendOut",
            "96344df17aaa9e7f"
          ]
        }
      ]
    }
  ],
  "patchVersion": 6
}