{
  "tempHash": "0072BC2B790950B2",
  "tbluHash": "00DDE321E5355684",
  "patch": [
    {
      "SubEntityOperation": [
        "d9d98b447b43ca3d",
        {
          "RemoveEventConnection": [
            "GameTensionGuardHM_Combat",
            "BlendInOut",
            "c7d7ef055fc60650"
          ]
        }
      ]
    },
    {
      "SubEntityOperation": [
        "d9d98b447b43ca3d",
        {
          "RemoveEventConnection": [
            "GameTensionGuardHM_Arrest",
            "BlendInOut",
            "7be915b179dd75de"
          ]
        }
      ]
    },
    {
      "SubEntityOperation": [
        "d9d98b447b43ca3d",
        {
          "RemoveEventConnection": [
            "GameTensionGuardHM_Hunting",
            "BlendInOut",
            "7be915b179dd75de"
          ]
        }
      ]
    }
  ],
  "patchVersion": 6
}