{
  "tempHash": "00AAD0F7BF22DE8E",
  "tbluHash": "0032666550C86A67",
  "patch": [
    {
      "SubEntityOperation": [
        "815a090cc974224c",
        {
          "RemoveEventConnection": [
            "StartSurrender",
            "BlendIn",
            "96344df17aaa9e7f"
          ]
        }
      ]
    },
    {
      "SubEntityOperation": [
        "815a090cc974224c",
        {
          "RemoveEventConnection": [
            "StopSurrender",
            "BlendOut",
            "96344df17aaa9e7f"
          ]
        }
      ]
    },
    {
      "SubEntityOperation": [
        "815a090cc974224c",
        {
          "RemoveEventConnection": [
            "DisarmedEnemy",
            "BlendOut",
            "96344df17aaa9e7f"
          ]
        }
      ]
    }
  ],
  "patchVersion": 6
}