{
  "tempHash": "00A4534C3D065EB0",
  "tbluHash": "002BAB32408F3BDA",
  "patch": [
    {
      "SubEntityOperation": [
        "2841dfd8a4c2b2c6",
        {
          "SetPropertyValue": {
            "property_name": "m_mTransform",
            "value": {
              "rotation": {
                "x": 0,
                "y": 0,
                "z": 179.99998474121105
              },
              "position": {
                "x": 0.00000095367431640625,
                "y": -0.20000000298023224,
                "z": 1.2000000476837158
              }
            }
          }
        }
      ]
    },
    {
      "SubEntityOperation": [
        "15e799e1485e1152",
        {
          "RemoveAllEventConnectionsForTrigger": [
            "KeyCompleted",
            "Poll"
          ]
        }
      ]
    },
    {
      "SubEntityOperation": [
        "15e799e1485e1152",
        {
          "RemoveAllEventConnectionsForTrigger": [
            "LockpickCompleted",
            "Poll"
          ]
        }
      ]
    },
    {
      "SubEntityOperation": [
        "12fcae51e292611b",
        {
          "SetPropertyValue": {
            "property_name": "m_mTransform",
            "value": {
              "rotation": {
                "x": 0,
                "y": 0,
                "z": -179.99998474121105
              },
              "position": {
                "x": -0.07500000298023224,
                "y": -0.5600000023841858,
                "z": 0
              }
            }
          }
        }
      ]
    },
    {
      "SubEntityOperation": [
        "1e45d9907aaeefa7",
        {
          "SetPropertyValue": {
            "property_name": "m_mTransform",
            "value": {
              "rotation": {
                "x": 0,
                "y": 0,
                "z": 0
              },
              "position": {
                "x": -0.07500000298023224,
                "y": 0.7649999856948853,
                "z": 0
              }
            }
          }
        }
      ]
    },
    {
      "SubEntityOperation": [
        "ea7df22dca9b9229",
        {
          "SetPropertyValue": {
            "property_name": "m_mTransform",
            "value": {
              "rotation": {
                "x": 0,
                "y": 0,
                "z": 179.99998474121105
              },
              "position": {
                "x": 0,
                "y": 0,
                "z": 1.2000000476837158
              }
            }
          }
        }
      ]
    },
    {
      "SubEntityOperation": [
        "e4bad3e73f9b4f93",
        {
          "SetPropertyValue": {
            "property_name": "m_mTransform",
            "value": {
              "rotation": {
                "x": 0,
                "y": 0,
                "z": 179.99998474121105
              },
              "position": {
                "x": -0.07500000298023224,
                "y": -0.5649999976158142,
                "z": 0
              }
            }
          }
        }
      ]
    },
    {
      "SubEntityOperation": [
        "74e9e1cfedf081fe",
        {
          "SetPropertyValue": {
            "property_name": "m_mTransform",
            "value": {
              "rotation": {
                "x": 0,
                "y": 0,
                "z": 0
              },
              "position": {
                "x": -0.10000000149011612,
                "y": 0.7599999904632568,
                "z": 0
              }
            }
          }
        }
      ]
    },
    {
      "SubEntityOperation": [
        "d58fb4b66429a809",
        {
          "SetPropertyValue": {
            "property_name": "m_mTransform",
            "value": {
              "rotation": {
                "x": 179.99998474121105,
                "y": -90,
                "z": 0
              },
              "position": {
                "x": -0.0000002682209014892578,
                "y": 0.00000000000002348842013900551,
                "z": 1
              }
            }
          }
        }
      ]
    },
    {
      "SubEntityOperation": [
        "2b71ffce54a5ca77",
        {
          "SetPropertyValue": {
            "property_name": "m_mTransform",
            "value": {
              "rotation": {
                "x": 0,
                "y": 0,
                "z": 179.99998474121105
              },
              "position": {
                "x": 0.0000004768372150465439,
                "y": -0.07000000029802322,
                "z": -0.06999999284744263
              }
            }
          }
        }
      ]
    }
  ],
  "patchVersion": 6
}