{
  "tempHash": "0072BC2B790950B2",
  "tbluHash": "00DDE321E5355684",
  "patch": [
    {
      "SubEntityOperation": [
        "9d9fe2f5b8d760a7",
        {
          "RemoveEventConnection": [
            "PollFalse",
            "BlendOut",
            "15176916769e95aa"
          ]
        }
      ]
    },
    {
      "SubEntityOperation": [
        "4287964a19bf04e2",
        {
          "RemoveEventConnection": [
            "PollFalse",
            "BlendInOut",
            "15176916769e95aa"
          ]
        }
      ]
    },
    {
      "SubEntityOperation": [
        "5c676fe82a3dd6ef",
        {
          "RemoveEventConnection": [
            "PollFalse",
            "BlendIn",
            "15176916769e95aa"
          ]
        }
      ]
    }
  ],
  "patchVersion": 6
}