{
    "tempHash": "0072BC2B790950B2",
    "tbluHash": "00DDE321E5355684",
    "patch": [
      {
        "SubEntityOperation": [
          "13cd95584f0501b6",
          {
            "RemoveEventConnection": [
              "ExitPeeking",
              "BlendOut",
              "128d2c941f01fb0b"
            ]
          }
        ]
      },
      {
        "SubEntityOperation": [
          "13cd95584f0501b6",
          {
            "RemoveEventConnection": [
              "EnterPeeking",
              "BlendIn",
              "128d2c941f01fb0b"
            ]
          }
        ]
      }
    ],
    "patchVersion": 6
  }