{
  "tempHash": "00AAD0F7BF22DE8E",
  "tbluHash": "0032666550C86A67",
  "patch": [
    {
      "SubEntityOperation": [
        "f5bef55fb940d514",
        {
          "RemoveEventConnection": [
            "GameResumeOnMenuSpace",
            "BlendOut",
            "628283349d406f5"
          ]
        }
      ]
    },
    {
      "SubEntityOperation": [
        "f5bef55fb940d514",
        {
          "RemoveEventConnection": [
            "GameResumeInGame",
            "BlendOut",
            "628283349d406f5"
          ]
        }
      ]
    },
    {
      "SubEntityOperation": [
        "f5bef55fb940d514",
        {
          "RemoveEventConnection": [
            "GamePauseInGame",
            "Poll",
            "6602988e21bb24db"
          ]
        }
      ]
    },
    {
      "SubEntityOperation": [
        "f5bef55fb940d514",
        {
          "RemoveEventConnection": [
            "GamePauseOnMenuSpace",
            "Poll",
            "6602988e21bb24db"
          ]
        }
      ]
    },
    {
      "SubEntityOperation": [
        "f5bef55fb940d514",
        {
          "RemoveEventConnection": [
            "OnShowGameInBackground",
            "BlendOut",
            "628283349d406f5"
          ]
        }
      ]
    },
    {
      "SubEntityOperation": [
        "f5bef55fb940d514",
        {
          "RemoveEventConnection": [
            "OnHideGameInBackground",
            "Poll",
            "6602988e21bb24db"
          ]
        }
      ]
    }
  ],
  "patchVersion": 6
}