{
  "tempHash": "0094D4D0303349F2",
  "tbluHash": "009D413990C2F12B",
  "patch": [
    {
      "RemoveEntityByID": "2e79f406289286d5"
    },
    {
      "RemoveEntityByID": "dc83fe62013e1254"
    },
    {
      "RemoveEntityByID": "0ebb0e9cb5bbe1b2"
    },
    {
      "RemoveEntityByID": "e41bb0cff03f8beb"
    },
    {
      "SubEntityOperation": [
        "be12c05a6e7a219d",
        {
          "AddProperty": [
            "m_eidParent",
            {
              "type": "SEntityTemplateReference",
              "value": "d9ba5ac5f589588e",
              "postInit": true
            }
          ]
        }
      ]
    },
    {
      "SubEntityOperation": [
        "fd657cdc98857887",
        {
          "SetName": "FX_Ledge_Walk_L_ParticleEmitterPoint"
        }
      ]
    },
    {
      "SubEntityOperation": [
        "fd657cdc98857887",
        {
          "RemovePropertyByName": "m_bSendHaveActiveParticles"
        }
      ]
    },
    {
      "SubEntityOperation": [
        "fd657cdc98857887",
        {
          "SetPropertyValue": {
            "property_name": "m_fParticlesPerSecond",
            "value": 10
          }
        }
      ]
    },
    {
      "SubEntityOperation": [
        "fd657cdc98857887",
        {
          "SetPropertyValue": {
            "property_name": "m_vGlobalSize",
            "value": {
              "x": 0.15,
              "y": 0.1,
              "z": 0
            }
          }
        }
      ]
    },
    {
      "SubEntityOperation": [
        "fd657cdc98857887",
        {
          "SetPropertyValue": {
            "property_name": "m_mTransform",
            "value": {
              "rotation": {
                "x": -90,
                "y": 0,
                "z": -180
              },
              "position": {
                "x": -0.015,
                "y": 0,
                "z": -0.09
              }
            }
          }
        }
      ]
    },
    {
      "SubEntityOperation": [
        "fd657cdc98857887",
        {
          "SetPropertyValue": {
            "property_name": "m_fEmissionTimeSeconds",
            "value": 0.6
          }
        }
      ]
    },
    {
      "SubEntityOperation": [
        "fd657cdc98857887",
        {
          "SetPropertyValue": {
            "property_name": "m_fParticlesPerSecondMax",
            "value": 20
          }
        }
      ]
    },
    {
      "SubEntityOperation": [
        "fd657cdc98857887",
        {
          "SetPropertyPostInit": [
            "m_eidParent",
            false
          ]
        }
      ]
    },
    {
      "SubEntityOperation": [
        "fd657cdc98857887",
        {
          "RemoveAllEventConnectionsForEvent": "HaveActiveParticles"
        }
      ]
    },
    {
      "SubEntityOperation": [
        "ce1513e322d65f4a",
        {
          "AddProperty": [
            "m_eidParent",
            {
              "type": "SEntityTemplateReference",
              "value": "d9ba5ac5f589588e",
              "postInit": true
            }
          ]
        }
      ]
    },
    {
      "SubEntityOperation": [
        "ce1513e322d65f4a",
        {
          "RemoveAllEventConnectionsForEvent": "OnTrue"
        }
      ]
    },
    {
      "SubEntityOperation": [
        "ce1513e322d65f4a",
        {
          "RemoveAllInputCopyConnectionsForTrigger": [
            "Activate",
            "Activate"
          ]
        }
      ]
    },
    {
      "SubEntityOperation": [
        "ce1513e322d65f4a",
        {
          "AddInputCopyConnection": [
            "Activate",
            "In",
            "bb2991fd95c5d19d"
          ]
        }
      ]
    },
    {
      "SubEntityOperation": [
        "0bd98d2bd1d409b1",
        {
          "SetName": "FX_Ledge_Hang_R_ParticleEmitterPoint"
        }
      ]
    },
    {
      "SubEntityOperation": [
        "0bd98d2bd1d409b1",
        {
          "RemovePropertyByName": "m_bSendHaveActiveParticles"
        }
      ]
    },
    {
      "SubEntityOperation": [
        "0bd98d2bd1d409b1",
        {
          "SetPropertyValue": {
            "property_name": "m_fParticlesPerSecond",
            "value": 8
          }
        }
      ]
    },
    {
      "SubEntityOperation": [
        "0bd98d2bd1d409b1",
        {
          "SetPropertyValue": {
            "property_name": "m_mTransform",
            "value": {
              "rotation": {
                "x": 0,
                "y": 0,
                "z": 0
              },
              "position": {
                "x": -0.01,
                "y": 0.005,
                "z": 0
              }
            }
          }
        }
      ]
    },
    {
      "SubEntityOperation": [
        "0bd98d2bd1d409b1",
        {
          "SetPropertyValue": {
            "property_name": "m_fParticlesPerSecondMax",
            "value": 20
          }
        }
      ]
    },
    {
      "SubEntityOperation": [
        "0bd98d2bd1d409b1",
        {
          "SetPropertyPostInit": [
            "m_eidParent",
            false
          ]
        }
      ]
    },
    {
      "SubEntityOperation": [
        "0bd98d2bd1d409b1",
        {
          "RemoveAllEventConnectionsForEvent": "HaveActiveParticles"
        }
      ]
    },
    {
      "SubEntityOperation": [
        "72e796263e73c131",
        {
          "AddProperty": [
            "m_CollisionEntities",
            {
              "type": "TArray<SEntityTemplateReference>",
              "value": [
                "be12c05a6e7a219d"
              ]
            }
          ]
        }
      ]
    },
    {
      "SubEntityOperation": [
        "72e796263e73c131",
        {
          "AddProperty": [
            "m_eidParent",
            {
              "type": "SEntityTemplateReference",
              "value": "d9ba5ac5f589588e",
              "postInit": true
            }
          ]
        }
      ]
    },
    {
      "SubEntityOperation": [
        "72e796263e73c131",
        {
          "RemoveAllEventConnectionsForEvent": "OnTrue"
        }
      ]
    },
    {
      "SubEntityOperation": [
        "72e796263e73c131",
        {
          "RemoveAllInputCopyConnectionsForTrigger": [
            "Activate",
            "Activate"
          ]
        }
      ]
    },
    {
      "SubEntityOperation": [
        "72e796263e73c131",
        {
          "AddInputCopyConnection": [
            "Activate",
            "In",
            "f38c1d32e6a6a3bf"
          ]
        }
      ]
    },
    {
      "SubEntityOperation": [
        "72e796263e73c131",
        {
          "AddPropertyAliasConnection": [
            "m_CollisionEntities",
            {
              "originalProperty": "m_CollisionEntities",
              "originalEntity": "04086fe6ccab40f3"
            }
          ]
        }
      ]
    },
    {
      "SubEntityOperation": [
        "8fdedbe3cee444db",
        {
          "SetName": "FX_Ledge_Hang_L_ParticleEmitterPoint"
        }
      ]
    },
    {
      "SubEntityOperation": [
        "8fdedbe3cee444db",
        {
          "RemovePropertyByName": "m_bSendHaveActiveParticles"
        }
      ]
    },
    {
      "SubEntityOperation": [
        "8fdedbe3cee444db",
        {
          "SetPropertyValue": {
            "property_name": "m_fParticlesPerSecond",
            "value": 8
          }
        }
      ]
    },
    {
      "SubEntityOperation": [
        "8fdedbe3cee444db",
        {
          "SetPropertyValue": {
            "property_name": "m_mTransform",
            "value": {
              "rotation": {
                "x": 0,
                "y": 0,
                "z": 0
              },
              "position": {
                "x": -0.01,
                "y": 0.005,
                "z": 0
              }
            }
          }
        }
      ]
    },
    {
      "SubEntityOperation": [
        "8fdedbe3cee444db",
        {
          "SetPropertyValue": {
            "property_name": "m_fParticlesPerSecondMax",
            "value": 20
          }
        }
      ]
    },
    {
      "SubEntityOperation": [
        "8fdedbe3cee444db",
        {
          "RemoveAllEventConnectionsForEvent": "HaveActiveParticles"
        }
      ]
    },
    {
      "SubEntityOperation": [
        "4114f04d3fe75aad",
        {
          "AddProperty": [
            "m_CollisionEntities",
            {
              "type": "TArray<SEntityTemplateReference>",
              "value": [
                "be12c05a6e7a219d"
              ]
            }
          ]
        }
      ]
    },
    {
      "SubEntityOperation": [
        "4114f04d3fe75aad",
        {
          "AddProperty": [
            "m_eidParent",
            {
              "type": "SEntityTemplateReference",
              "value": "d9ba5ac5f589588e",
              "postInit": true
            }
          ]
        }
      ]
    },
    {
      "SubEntityOperation": [
        "4114f04d3fe75aad",
        {
          "RemoveAllEventConnectionsForEvent": "OnTrue"
        }
      ]
    },
    {
      "SubEntityOperation": [
        "4114f04d3fe75aad",
        {
          "RemoveAllInputCopyConnectionsForTrigger": [
            "Activate",
            "Activate"
          ]
        }
      ]
    },
    {
      "SubEntityOperation": [
        "4114f04d3fe75aad",
        {
          "AddInputCopyConnection": [
            "Activate",
            "In",
            "fdf8cb4f1784afaa"
          ]
        }
      ]
    },
    {
      "SubEntityOperation": [
        "4114f04d3fe75aad",
        {
          "AddPropertyAliasConnection": [
            "m_CollisionEntities",
            {
              "originalProperty": "m_CollisionEntities",
              "originalEntity": "d10f8c68d41d738c"
            }
          ]
        }
      ]
    },
    {
      "SubEntityOperation": [
        "b72887d2ba1a3f07",
        {
          "SetName": "FX_Ledge_Walk_R_ParticleEmitterPoint"
        }
      ]
    },
    {
      "SubEntityOperation": [
        "b72887d2ba1a3f07",
        {
          "RemovePropertyByName": "m_bSendHaveActiveParticles"
        }
      ]
    },
    {
      "SubEntityOperation": [
        "b72887d2ba1a3f07",
        {
          "SetPropertyValue": {
            "property_name": "m_fParticlesPerSecond",
            "value": 10
          }
        }
      ]
    },
    {
      "SubEntityOperation": [
        "b72887d2ba1a3f07",
        {
          "SetPropertyValue": {
            "property_name": "m_vGlobalSize",
            "value": {
              "x": 0.2,
              "y": 0.01,
              "z": 0
            }
          }
        }
      ]
    },
    {
      "SubEntityOperation": [
        "b72887d2ba1a3f07",
        {
          "SetPropertyValue": {
            "property_name": "m_mTransform",
            "value": {
              "rotation": {
                "x": 90,
                "y": 0,
                "z": 0
              },
              "position": {
                "x": -0.015,
                "y": 0,
                "z": 0.08
              }
            }
          }
        }
      ]
    },
    {
      "SubEntityOperation": [
        "b72887d2ba1a3f07",
        {
          "SetPropertyValue": {
            "property_name": "m_fEmissionTimeSeconds",
            "value": 0.6
          }
        }
      ]
    },
    {
      "SubEntityOperation": [
        "b72887d2ba1a3f07",
        {
          "SetPropertyValue": {
            "property_name": "m_fParticlesPerSecondMax",
            "value": 20
          }
        }
      ]
    },
    {
      "SubEntityOperation": [
        "b72887d2ba1a3f07",
        {
          "SetPropertyPostInit": [
            "m_eidParent",
            false
          ]
        }
      ]
    },
    {
      "SubEntityOperation": [
        "b72887d2ba1a3f07",
        {
          "RemoveAllEventConnectionsForEvent": "HaveActiveParticles"
        }
      ]
    },
    {
      "SubEntityOperation": [
        "10f604b86bca0f14",
        {
          "AddProperty": [
            "m_eidParent",
            {
              "type": "SEntityTemplateReference",
              "value": "d9ba5ac5f589588e",
              "postInit": true
            }
          ]
        }
      ]
    },
    {
      "SubEntityOperation": [
        "10f604b86bca0f14",
        {
          "RemoveAllEventConnectionsForEvent": "OnTrue"
        }
      ]
    },
    {
      "SubEntityOperation": [
        "10f604b86bca0f14",
        {
          "RemoveAllInputCopyConnectionsForTrigger": [
            "Activate",
            "Activate"
          ]
        }
      ]
    },
    {
      "SubEntityOperation": [
        "10f604b86bca0f14",
        {
          "AddInputCopyConnection": [
            "Activate",
            "In",
            "243bf148e92d9219"
          ]
        }
      ]
    },
    {
      "SubEntityOperation": [
        "d9ba5ac5f589588e",
        {
          "AddInputCopyConnection": [
            "ActivateRightHand",
            "In",
            "da4fe33dbf3c3833"
          ]
        }
      ]
    },
    {
      "SubEntityOperation": [
        "d9ba5ac5f589588e",
        {
          "AddInputCopyConnection": [
            "ActivateLeftHand",
            "In",
            "da4fe33dbf3c3833"
          ]
        }
      ]
    },
    {
      "SubEntityOperation": [
        "d9ba5ac5f589588e",
        {
          "AddInputCopyConnection": [
            "ActivateRightFoot",
            "In",
            "da4fe33dbf3c3833"
          ]
        }
      ]
    },
    {
      "SubEntityOperation": [
        "d9ba5ac5f589588e",
        {
          "AddInputCopyConnection": [
            "ActivateLeftFoot",
            "In",
            "da4fe33dbf3c3833"
          ]
        }
      ]
    },
    {
      "AddEntity": [
        "f38c1d32e6a6a3bf",
        {
          "parent": "72e796263e73c131",
          "name": "SignalPipe_Void",
          "factory": "[modules:/zsignalpipeentity_void.class].pc_entitytype",
          "blueprint": "[modules:/zsignalpipeentity_void.class].pc_entityblueprint",
          "events": {
            "Out": {
              "Activate": [
                "0bd98d2bd1d409b1"
              ]
            }
          }
        }
      ]
    },
    {
      "AddEntity": [
        "d2d4b60e1810490f",
        {
          "parent": "4114f04d3fe75aad",
          "name": "ParticleModifierMotion",
          "factory": "[modules:/zparticlemodifiermotionentity.class].pc_entitytype",
          "blueprint": "[modules:/zparticlemodifiermotionentity.class].pc_entityblueprint",
          "properties": {
            "m_fFriction": {
              "type": "float32",
              "value": 50
            },
            "m_vGravity": {
              "type": "SVector3",
              "value": {
                "x": 0,
                "y": 0,
                "z": -6
              }
            }
          }
        }
      ]
    },
    {
      "AddEntity": [
        "ff32af771f4d5e7e",
        {
          "parent": "72e796263e73c131",
          "name": "FloatCurve",
          "factory": "[modules:/zfloatcurveentity.class].pc_entitytype",
          "blueprint": "[modules:/zfloatcurveentity.class].pc_entityblueprint",
          "properties": {
            "m_Value": {
              "type": "ZCurve",
              "value": {
                "data": [
                  [
                    0.0021929824724793434,
                    0.007272727321833372,
                    0,
                    0,
                    -0.21304109692573547,
                    0.709404706954956,
                    0.000000000000000047740431268477473,
                    0.007272727321833372
                  ],
                  [
                    0.05043859779834747,
                    0.503636360168457,
                    0,
                    0,
                    -0.21304109692573547,
                    -0.07028144598007202,
                    0.7796861529350281,
                    0.503636360168457
                  ],
                  [
                    0.09868421405553818,
                    1,
                    0,
                    0,
                    -0.007272727321833372,
                    0.010909090749919416,
                    0.00000000000000000034974674884086953,
                    1
                  ],
                  [
                    0.6644737124443054,
                    1.003636360168457,
                    0,
                    0,
                    0.21382147073745728,
                    -0.7120032906532288,
                    -0.00000000000000004791530717613854,
                    1.003636360168457
                  ],
                  [
                    0.8289473652839661,
                    0.5054545402526855,
                    0,
                    0,
                    0.21382147073745728,
                    0.07053888589143753,
                    -0.7825421690940857,
                    0.5054545402526855
                  ],
                  [
                    0.9934210777282716,
                    0.007272727321833372,
                    0,
                    0,
                    0,
                    0,
                    0,
                    0.007272727321833372
                  ]
                ]
              }
            }
          }
        }
      ]
    },
    {
      "AddEntity": [
        "9a2860b86a65469f",
        {
          "parent": "ce1513e322d65f4a",
          "name": "ParticleModifierMotion01",
          "factory": "[modules:/zparticlemodifiermotionentity.class].pc_entitytype",
          "blueprint": "[modules:/zparticlemodifiermotionentity.class].pc_entityblueprint",
          "properties": {
            "m_fFriction": {
              "type": "float32",
              "value": 50
            },
            "m_vGravity": {
              "type": "SVector3",
              "value": {
                "x": 0,
                "y": 0,
                "z": -9
              }
            }
          }
        }
      ]
    },
    {
      "AddEntity": [
        "006b25c02d468288",
        {
          "parent": "4114f04d3fe75aad",
          "name": "ParticleModifierMotion01",
          "factory": "[modules:/zparticlemodifiermotionentity.class].pc_entitytype",
          "blueprint": "[modules:/zparticlemodifiermotionentity.class].pc_entityblueprint",
          "properties": {
            "m_fFriction": {
              "type": "float32",
              "value": 50
            },
            "m_vGravity": {
              "type": "SVector3",
              "value": {
                "x": 0,
                "y": 0,
                "z": -9
              }
            }
          }
        }
      ]
    },
    {
      "AddEntity": [
        "93c5527ce2f94644",
        {
          "parent": "72e796263e73c131",
          "name": "ParticleModifierMotion",
          "factory": "[modules:/zparticlemodifiermotionentity.class].pc_entitytype",
          "blueprint": "[modules:/zparticlemodifiermotionentity.class].pc_entityblueprint",
          "properties": {
            "m_fFriction": {
              "type": "float32",
              "value": 50
            },
            "m_vGravity": {
              "type": "SVector3",
              "value": {
                "x": 0,
                "y": 0,
                "z": -6
              }
            }
          }
        }
      ]
    },
    {
      "AddEntity": [
        "85f45c2daef0162c",
        {
          "parent": "10f604b86bca0f14",
          "name": "ParticleModifierMotion01",
          "factory": "[modules:/zparticlemodifiermotionentity.class].pc_entitytype",
          "blueprint": "[modules:/zparticlemodifiermotionentity.class].pc_entityblueprint",
          "properties": {
            "m_fFriction": {
              "type": "float32",
              "value": 50
            },
            "m_vGravity": {
              "type": "SVector3",
              "value": {
                "x": 0,
                "y": 0,
                "z": -9
              }
            }
          }
        }
      ]
    },
    {
      "AddEntity": [
        "243bf148e92d9219",
        {
          "parent": "10f604b86bca0f14",
          "name": "SignalPipe_Void",
          "factory": "[modules:/zsignalpipeentity_void.class].pc_entitytype",
          "blueprint": "[modules:/zsignalpipeentity_void.class].pc_entityblueprint",
          "events": {
            "Out": {
              "Activate": [
                "b72887d2ba1a3f07"
              ]
            }
          }
        }
      ]
    },
    {
      "AddEntity": [
        "56f3636cd27e6d2b",
        {
          "parent": "ce1513e322d65f4a",
          "name": "ParticleModifierMotion",
          "factory": "[modules:/zparticlemodifiermotionentity.class].pc_entitytype",
          "blueprint": "[modules:/zparticlemodifiermotionentity.class].pc_entityblueprint",
          "properties": {
            "m_fFriction": {
              "type": "float32",
              "value": 50
            },
            "m_vGravity": {
              "type": "SVector3",
              "value": {
                "x": 0,
                "y": 0,
                "z": -6
              }
            }
          }
        }
      ]
    },
    {
      "AddEntity": [
        "8cb343e0ac28a0a7",
        {
          "parent": "72e796263e73c131",
          "name": "ParticleModifierCollisionDetection",
          "factory": "[modules:/zparticlemodifiercollisiondetectionentity.class].pc_entitytype",
          "blueprint": "[modules:/zparticlemodifiercollisiondetectionentity.class].pc_entityblueprint",
          "properties": {
            "m_eCollisionResponse": {
              "type": "ECollisionResponse",
              "value": "CUSTOM"
            },
            "m_fFreezeSpeedThreshold": {
              "type": "float32",
              "value": 1.2000000476837158
            },
            "m_fCoefficientOfRestitution": {
              "type": "float32",
              "value": 0.20000000298023224
            },
            "m_fDirectionCoefficient": {
              "type": "float32",
              "value": 1
            },
            "m_bDynamicCollisions": {
              "type": "bool",
              "value": false
            }
          }
        }
      ]
    },
    {
      "AddEntity": [
        "04086fe6ccab40f3",
        {
          "parent": "72e796263e73c131",
          "name": "ParticleModifierCollisionSphere",
          "factory": "[modules:/zparticlemodifiercollisionsphereentity.class].pc_entitytype",
          "blueprint": "[modules:/zparticlemodifiercollisionsphereentity.class].pc_entityblueprint",
          "properties": {
            "m_CollisionEntities": {
              "type": "TArray<SEntityTemplateReference>",
              "value": [
                "be12c05a6e7a219d"
              ]
            },
            "m_eCollisionResponse": {
              "type": "ECollisionResponse",
              "value": "SLIDE_ON"
            }
          }
        }
      ]
    },
    {
      "AddEntity": [
        "7a98831026fb5ea0",
        {
          "parent": "ce1513e322d65f4a",
          "name": "ParticleModifierCollisionDetection",
          "factory": "[modules:/zparticlemodifiercollisiondetectionentity.class].pc_entitytype",
          "blueprint": "[modules:/zparticlemodifiercollisiondetectionentity.class].pc_entityblueprint",
          "properties": {
            "m_eCollisionResponse": {
              "type": "ECollisionResponse",
              "value": "CUSTOM"
            },
            "m_fFreezeSpeedThreshold": {
              "type": "float32",
              "value": 1.2000000476837158
            },
            "m_fCoefficientOfRestitution": {
              "type": "float32",
              "value": 0.20000000298023224
            },
            "m_fDirectionCoefficient": {
              "type": "float32",
              "value": 1
            },
            "m_bDynamicCollisions": {
              "type": "bool",
              "value": false
            }
          }
        }
      ]
    },
    {
      "AddEntity": [
        "30f569fcd83fcec7",
        {
          "parent": "ce1513e322d65f4a",
          "name": "ParticleController",
          "factory": "[modules:/zparticlecontrollerentity.class].pc_entitytype",
          "blueprint": "[modules:/zparticlecontrollerentity.class].pc_entityblueprint",
          "properties": {
            "m_fParticleSizeMin": {
              "type": "float32",
              "value": 0.699999988079071
            },
            "m_fParticleSizeMax": {
              "type": "float32",
              "value": 1.5
            },
            "m_ParticleModifiers": {
              "type": "TArray<SEntityTemplateReference>",
              "value": [
                "56f3636cd27e6d2b",
                "7a98831026fb5ea0"
              ]
            },
            "m_fArrayIndexMax": {
              "type": "float32",
              "value": 15
            },
            "m_fWindMultiplier": {
              "type": "float32",
              "value": 0
            },
            "m_fRotationSpeedMin": {
              "type": "float32",
              "value": -1
            },
            "m_fRotationSpeedMax": {
              "type": "float32",
              "value": 1
            },
            "m_fTimeToLiveSecondsMin": {
              "type": "float32",
              "value": 1
            },
            "m_fTimeToLiveSecondsMax": {
              "type": "float32",
              "value": 2
            },
            "m_ParticleColorRangeStart": {
              "type": "SColorRGB",
              "value": "#bfbfbf"
            },
            "m_ParticleColorRangeEnd": {
              "type": "SColorRGB",
              "value": "#808080"
            },
            "m_bRandomRotation": {
              "type": "bool",
              "value": true
            }
          }
        }
      ]
    },
    {
      "AddEntity": [
        "38bcd0a43ad7e6cb",
        {
          "parent": "ce1513e322d65f4a",
          "name": "FX_PR_Debris_Tiles_4x4_01",
          "factory": "[assembly:/_pro/effects/templates/particlerenderers/fx_pr_debris.template?/fx_pr_debris_tiles_4x4_01.entitytemplate].pc_entitytype",
          "blueprint": "[assembly:/_pro/effects/templates/particlerenderers/fx_pr_debris.template?/fx_pr_debris_tiles_4x4_01.entitytemplate].pc_entityblueprint"
        }
      ]
    },
    {
      "AddEntity": [
        "bb2991fd95c5d19d",
        {
          "parent": "ce1513e322d65f4a",
          "name": "SignalPipe_Void",
          "factory": "[modules:/zsignalpipeentity_void.class].pc_entitytype",
          "blueprint": "[modules:/zsignalpipeentity_void.class].pc_entityblueprint",
          "events": {
            "Out": {
              "Activate": [
                "fd657cdc98857887"
              ]
            }
          }
        }
      ]
    },
    {
      "AddEntity": [
        "618f59d1c1b1ff9a",
        {
          "parent": "72e796263e73c131",
          "name": "ParticleModifierColorAlphaCurve",
          "factory": "[modules:/zparticlemodifiercoloralphacurveentity.class].pc_entitytype",
          "blueprint": "[modules:/zparticlemodifiercoloralphacurveentity.class].pc_entityblueprint",
          "properties": {
            "m_eColorUsage": {
              "type": "EParticleColorUsage",
              "value": "LEAVE_PARTICLE_COLOR"
            },
            "m_AlphaCurveEntity": {
              "type": "SEntityTemplateReference",
              "value": "ff32af771f4d5e7e"
            }
          }
        }
      ]
    },
    {
      "AddEntity": [
        "636909c6c0fa5ddc",
        {
          "parent": "4114f04d3fe75aad",
          "name": "ParticleModifierCollisionDetection",
          "factory": "[modules:/zparticlemodifiercollisiondetectionentity.class].pc_entitytype",
          "blueprint": "[modules:/zparticlemodifiercollisiondetectionentity.class].pc_entityblueprint",
          "properties": {
            "m_eCollisionResponse": {
              "type": "ECollisionResponse",
              "value": "CUSTOM"
            },
            "m_fFreezeSpeedThreshold": {
              "type": "float32",
              "value": 1.2000000476837158
            },
            "m_fCoefficientOfRestitution": {
              "type": "float32",
              "value": 0.20000000298023224
            },
            "m_fDirectionCoefficient": {
              "type": "float32",
              "value": 1
            },
            "m_bDynamicCollisions": {
              "type": "bool",
              "value": false
            }
          }
        }
      ]
    },
    {
      "AddEntity": [
        "ecdc81b7aa794d9f",
        {
          "parent": "10f604b86bca0f14",
          "name": "FX_PR_Debris_Tiles_4x4_01",
          "factory": "[assembly:/_pro/effects/templates/particlerenderers/fx_pr_debris.template?/fx_pr_debris_tiles_4x4_01.entitytemplate].pc_entitytype",
          "blueprint": "[assembly:/_pro/effects/templates/particlerenderers/fx_pr_debris.template?/fx_pr_debris_tiles_4x4_01.entitytemplate].pc_entityblueprint"
        }
      ]
    },
    {
      "AddEntity": [
        "fe893bf9e4436075",
        {
          "parent": "ce1513e322d65f4a",
          "name": "FloatCurve",
          "factory": "[modules:/zfloatcurveentity.class].pc_entitytype",
          "blueprint": "[modules:/zfloatcurveentity.class].pc_entityblueprint",
          "properties": {
            "m_Value": {
              "type": "ZCurve",
              "value": {
                "data": [
                  [
                    0.0021929824724793434,
                    0.007272727321833372,
                    0,
                    0,
                    -0.21304109692573547,
                    0.709404706954956,
                    0.000000000000000047740431268477473,
                    0.007272727321833372
                  ],
                  [
                    0.05043859779834747,
                    0.503636360168457,
                    0,
                    0,
                    -0.21304109692573547,
                    -0.07028144598007202,
                    0.7796861529350281,
                    0.503636360168457
                  ],
                  [
                    0.09868421405553818,
                    1,
                    0,
                    0,
                    -0.007272727321833372,
                    0.010909090749919416,
                    0.00000000000000000034974674884086953,
                    1
                  ],
                  [
                    0.6644737124443054,
                    1.003636360168457,
                    0,
                    0,
                    0.21382147073745728,
                    -0.7120032906532288,
                    -0.00000000000000004791530717613854,
                    1.003636360168457
                  ],
                  [
                    0.8289473652839661,
                    0.5054545402526855,
                    0,
                    0,
                    0.21382147073745728,
                    0.07053888589143753,
                    -0.7825421690940857,
                    0.5054545402526855
                  ],
                  [
                    0.9934210777282716,
                    0.007272727321833372,
                    0,
                    0,
                    0,
                    0,
                    0,
                    0.007272727321833372
                  ]
                ]
              }
            }
          }
        }
      ]
    },
    {
      "AddEntity": [
        "ef5d75153878c12f",
        {
          "parent": "72e796263e73c131",
          "name": "ParticleController",
          "factory": "[modules:/zparticlecontrollerentity.class].pc_entitytype",
          "blueprint": "[modules:/zparticlecontrollerentity.class].pc_entityblueprint",
          "properties": {
            "m_fParticleSizeMin": {
              "type": "float32",
              "value": 0.699999988079071
            },
            "m_fParticleSizeMax": {
              "type": "float32",
              "value": 1.5
            },
            "m_ParticleModifiers": {
              "type": "TArray<SEntityTemplateReference>",
              "value": [
                "93c5527ce2f94644",
                "8cb343e0ac28a0a7",
                "04086fe6ccab40f3"
              ]
            },
            "m_fArrayIndexMax": {
              "type": "float32",
              "value": 15
            },
            "m_fWindMultiplier": {
              "type": "float32",
              "value": 0
            },
            "m_fRotationSpeedMin": {
              "type": "float32",
              "value": -1
            },
            "m_fRotationSpeedMax": {
              "type": "float32",
              "value": 1
            },
            "m_fTimeToLiveSecondsMin": {
              "type": "float32",
              "value": 1
            },
            "m_fTimeToLiveSecondsMax": {
              "type": "float32",
              "value": 2
            },
            "m_ParticleColorRangeStart": {
              "type": "SColorRGB",
              "value": "#bfbfbf"
            },
            "m_ParticleColorRangeEnd": {
              "type": "SColorRGB",
              "value": "#808080"
            },
            "m_bRandomRotation": {
              "type": "bool",
              "value": true
            }
          }
        }
      ]
    },
    {
      "AddEntity": [
        "9e5bab9dc09d8073",
        {
          "parent": "72e796263e73c131",
          "name": "ParticleModifierMotion01",
          "factory": "[modules:/zparticlemodifiermotionentity.class].pc_entitytype",
          "blueprint": "[modules:/zparticlemodifiermotionentity.class].pc_entityblueprint",
          "properties": {
            "m_fFriction": {
              "type": "float32",
              "value": 50
            },
            "m_vGravity": {
              "type": "SVector3",
              "value": {
                "x": 0,
                "y": 0,
                "z": -9
              }
            }
          }
        }
      ]
    },
    {
      "AddEntity": [
        "e64812ef18709997",
        {
          "parent": "10f604b86bca0f14",
          "name": "ParticleModifierCollisionDetection",
          "factory": "[modules:/zparticlemodifiercollisiondetectionentity.class].pc_entitytype",
          "blueprint": "[modules:/zparticlemodifiercollisiondetectionentity.class].pc_entityblueprint",
          "properties": {
            "m_eCollisionResponse": {
              "type": "ECollisionResponse",
              "value": "CUSTOM"
            },
            "m_fFreezeSpeedThreshold": {
              "type": "float32",
              "value": 1.2000000476837158
            },
            "m_fCoefficientOfRestitution": {
              "type": "float32",
              "value": 0.20000000298023224
            },
            "m_fDirectionCoefficient": {
              "type": "float32",
              "value": 1
            },
            "m_bDynamicCollisions": {
              "type": "bool",
              "value": false
            }
          }
        }
      ]
    },
    {
      "AddEntity": [
        "140aa8e5aafe5b18",
        {
          "parent": "4114f04d3fe75aad",
          "name": "FX_PR_Debris_Tiles_4x4_01",
          "factory": "[assembly:/_pro/effects/templates/particlerenderers/fx_pr_debris.template?/fx_pr_debris_tiles_4x4_01.entitytemplate].pc_entitytype",
          "blueprint": "[assembly:/_pro/effects/templates/particlerenderers/fx_pr_debris.template?/fx_pr_debris_tiles_4x4_01.entitytemplate].pc_entityblueprint"
        }
      ]
    },
    {
      "AddEntity": [
        "246b66eea7abf2b2",
        {
          "parent": "10f604b86bca0f14",
          "name": "ParticleModifierMotion",
          "factory": "[modules:/zparticlemodifiermotionentity.class].pc_entitytype",
          "blueprint": "[modules:/zparticlemodifiermotionentity.class].pc_entityblueprint",
          "properties": {
            "m_fFriction": {
              "type": "float32",
              "value": 50
            },
            "m_vGravity": {
              "type": "SVector3",
              "value": {
                "x": 0,
                "y": 0,
                "z": -6
              }
            }
          }
        }
      ]
    },
    {
      "AddEntity": [
        "c65b1096bc27b4f7",
        {
          "parent": "72e796263e73c131",
          "name": "FX_PR_Debris_Tiles_4x4_01",
          "factory": "[assembly:/_pro/effects/templates/particlerenderers/fx_pr_debris.template?/fx_pr_debris_tiles_4x4_01.entitytemplate].pc_entitytype",
          "blueprint": "[assembly:/_pro/effects/templates/particlerenderers/fx_pr_debris.template?/fx_pr_debris_tiles_4x4_01.entitytemplate].pc_entityblueprint"
        }
      ]
    },
    {
      "AddEntity": [
        "1143b0b9c5be4f4a",
        {
          "parent": "72e796263e73c131",
          "name": "ParticleEmitterPoint01",
          "factory": "[modules:/zparticleemitterpointentity.class].pc_entitytype",
          "blueprint": "[modules:/zparticleemitterpointentity.class].pc_entityblueprint",
          "properties": {
            "m_ParticleRender": {
              "type": "SEntityTemplateReference",
              "value": "c65b1096bc27b4f7"
            },
            "m_ParticleController": {
              "type": "SEntityTemplateReference",
              "value": "ef5d75153878c12f"
            },
            "m_fParticlesPerSecond": {
              "type": "float32",
              "value": 0
            },
            "m_fFixedEmissionCount": {
              "type": "float32",
              "value": 0
            },
            "m_fSpeedMin": {
              "type": "float32",
              "value": 0.10000000149011612
            },
            "m_fSpeedMax": {
              "type": "float32",
              "value": 1
            },
            "m_fOuterConeAngle": {
              "type": "float32",
              "value": 100
            },
            "m_mTransform": {
              "type": "SMatrix43",
              "value": {
                "rotation": {
                  "x": 176.04776000976565,
                  "y": -3.700039625167848,
                  "z": -152.4127197265625
                },
                "position": {
                  "x": 0.008340000174939632,
                  "y": -0.011037999764084816,
                  "z": -0.07503099739551544
                },
                "scale": {
                  "x": 1,
                  "y": 1,
                  "z": 1
                }
              }
            },
            "m_fInnerConeAngle": {
              "type": "float32",
              "value": 0
            },
            "m_bEnabled": {
              "type": "bool",
              "value": false
            },
            "m_fParticlesPerSecondMax": {
              "type": "float32",
              "value": 25
            },
            "m_fEmissionTimeSeconds": {
              "type": "float32",
              "value": 0.10000000149011612
            },
            "m_fEmissionCameraProximity": {
              "type": "float32",
              "value": 20
            },
            "m_eidParent": {
              "type": "SEntityTemplateReference",
              "value": "72e796263e73c131"
            }
          }
        }
      ]
    },
    {
      "AddEntity": [
        "305b8f423ac051d9",
        {
          "parent": "72e796263e73c131",
          "name": "ParticleController01",
          "factory": "[modules:/zparticlecontrollerentity.class].pc_entitytype",
          "blueprint": "[modules:/zparticlecontrollerentity.class].pc_entityblueprint",
          "properties": {
            "m_fParticleSizeMin": {
              "type": "float32",
              "value": 0.4000000059604645
            },
            "m_fParticleSizeMax": {
              "type": "float32",
              "value": 1
            },
            "m_ParticleModifiers": {
              "type": "TArray<SEntityTemplateReference>",
              "value": [
                "9e5bab9dc09d8073",
                "618f59d1c1b1ff9a",
                "04086fe6ccab40f3"
              ]
            },
            "m_fArrayIndexMax": {
              "type": "float32",
              "value": 3
            },
            "m_fWindMultiplier": {
              "type": "float32",
              "value": 0.10000000149011612
            },
            "m_fRotationSpeedMin": {
              "type": "float32",
              "value": -2
            },
            "m_fRotationSpeedMax": {
              "type": "float32",
              "value": 2
            },
            "m_fTimeToLiveSecondsMin": {
              "type": "float32",
              "value": 1
            },
            "m_fTimeToLiveSecondsMax": {
              "type": "float32",
              "value": 2
            },
            "m_ParticleColorRangeStart": {
              "type": "SColorRGB",
              "value": "#ffffff"
            },
            "m_ParticleColorRangeEnd": {
              "type": "SColorRGB",
              "value": "#bdbdbd"
            },
            "m_bRandomFlipU": {
              "type": "bool",
              "value": true
            },
            "m_bRandomFlipV": {
              "type": "bool",
              "value": true
            },
            "m_bRandomRotation": {
              "type": "bool",
              "value": true
            }
          }
        }
      ]
    },
    {
      "AddEntity": [
        "e2ddfdb0cc7d9d60",
        {
          "parent": "72e796263e73c131",
          "name": "ParticleEmitterPoint02",
          "factory": "[modules:/zparticleemitterboxentity.class].pc_entitytype",
          "blueprint": "[modules:/zparticleemitterboxentity.class].pc_entityblueprint",
          "properties": {
            "m_ParticleRender": {
              "type": "SEntityTemplateReference",
              "value": "c65b1096bc27b4f7"
            },
            "m_ParticleController": {
              "type": "SEntityTemplateReference",
              "value": "305b8f423ac051d9"
            },
            "m_fParticlesPerSecond": {
              "type": "float32",
              "value": 10
            },
            "m_fFixedEmissionCount": {
              "type": "float32",
              "value": 0
            },
            "m_fSpeedMin": {
              "type": "float32",
              "value": 0
            },
            "m_fSpeedMax": {
              "type": "float32",
              "value": 0
            },
            "m_fOuterConeAngle": {
              "type": "float32",
              "value": 0
            },
            "m_vGlobalSize": {
              "type": "SVector3",
              "value": {
                "x": 0.01010810025036335,
                "y": 0.02613390050828457,
                "z": 0.2956640124320984
              }
            },
            "m_mTransform": {
              "type": "SMatrix43",
              "value": {
                "rotation": {
                  "x": -4.56354570388794,
                  "y": 1.9420111179351807,
                  "z": 27.16845512390137
                },
                "position": {
                  "x": -0.009623999707400799,
                  "y": 0.02192400023341179,
                  "z": -0.028483999893069267
                },
                "scale": {
                  "x": 1,
                  "y": 1,
                  "z": 1
                }
              }
            },
            "m_fInnerConeAngle": {
              "type": "float32",
              "value": 0
            },
            "m_fEmissionTimeSeconds": {
              "type": "float32",
              "value": 1
            },
            "m_bEnabled": {
              "type": "bool",
              "value": false
            },
            "m_fParticlesPerSecondMax": {
              "type": "float32",
              "value": 30
            },
            "m_fEmissionCameraProximity": {
              "type": "float32",
              "value": 20
            },
            "m_eidParent": {
              "type": "SEntityTemplateReference",
              "value": "72e796263e73c131"
            }
          }
        }
      ]
    },
    {
      "AddEntity": [
        "23cb072eda954a8e",
        {
          "parent": "10f604b86bca0f14",
          "name": "FloatCurve",
          "factory": "[modules:/zfloatcurveentity.class].pc_entitytype",
          "blueprint": "[modules:/zfloatcurveentity.class].pc_entityblueprint",
          "properties": {
            "m_Value": {
              "type": "ZCurve",
              "value": {
                "data": [
                  [
                    0.0021929824724793434,
                    0.007272727321833372,
                    0,
                    0,
                    -0.21304109692573547,
                    0.709404706954956,
                    0.000000000000000047740431268477473,
                    0.007272727321833372
                  ],
                  [
                    0.05043859779834747,
                    0.503636360168457,
                    0,
                    0,
                    -0.21304109692573547,
                    -0.07028144598007202,
                    0.7796861529350281,
                    0.503636360168457
                  ],
                  [
                    0.09868421405553818,
                    1,
                    0,
                    0,
                    -0.007272727321833372,
                    0.010909090749919416,
                    0.00000000000000000034974674884086953,
                    1
                  ],
                  [
                    0.6644737124443054,
                    1.003636360168457,
                    0,
                    0,
                    0.21382147073745728,
                    -0.7120032906532288,
                    -0.00000000000000004791530717613854,
                    1.003636360168457
                  ],
                  [
                    0.8289473652839661,
                    0.5054545402526855,
                    0,
                    0,
                    0.21382147073745728,
                    0.07053888589143753,
                    -0.7825421690940857,
                    0.5054545402526855
                  ],
                  [
                    0.9934210777282716,
                    0.007272727321833372,
                    0,
                    0,
                    0,
                    0,
                    0,
                    0.007272727321833372
                  ]
                ]
              }
            }
          }
        }
      ]
    },
    {
      "AddEntity": [
        "106aaca2ead3b51b",
        {
          "parent": "ce1513e322d65f4a",
          "name": "ParticleModifierColorAlphaCurve",
          "factory": "[modules:/zparticlemodifiercoloralphacurveentity.class].pc_entitytype",
          "blueprint": "[modules:/zparticlemodifiercoloralphacurveentity.class].pc_entityblueprint",
          "properties": {
            "m_eColorUsage": {
              "type": "EParticleColorUsage",
              "value": "LEAVE_PARTICLE_COLOR"
            },
            "m_AlphaCurveEntity": {
              "type": "SEntityTemplateReference",
              "value": "fe893bf9e4436075"
            }
          }
        }
      ]
    },
    {
      "AddEntity": [
        "cf37f84a730c53bd",
        {
          "parent": "ce1513e322d65f4a",
          "name": "ParticleController01",
          "factory": "[modules:/zparticlecontrollerentity.class].pc_entitytype",
          "blueprint": "[modules:/zparticlecontrollerentity.class].pc_entityblueprint",
          "properties": {
            "m_fParticleSizeMin": {
              "type": "float32",
              "value": 0.4000000059604645
            },
            "m_fParticleSizeMax": {
              "type": "float32",
              "value": 1
            },
            "m_ParticleModifiers": {
              "type": "TArray<SEntityTemplateReference>",
              "value": [
                "9a2860b86a65469f",
                "106aaca2ead3b51b"
              ]
            },
            "m_fArrayIndexMax": {
              "type": "float32",
              "value": 3
            },
            "m_fWindMultiplier": {
              "type": "float32",
              "value": 0.10000000149011612
            },
            "m_fRotationSpeedMin": {
              "type": "float32",
              "value": -2
            },
            "m_fRotationSpeedMax": {
              "type": "float32",
              "value": 2
            },
            "m_fTimeToLiveSecondsMin": {
              "type": "float32",
              "value": 1
            },
            "m_fTimeToLiveSecondsMax": {
              "type": "float32",
              "value": 2
            },
            "m_ParticleColorRangeStart": {
              "type": "SColorRGB",
              "value": "#ffffff"
            },
            "m_ParticleColorRangeEnd": {
              "type": "SColorRGB",
              "value": "#bdbdbd"
            },
            "m_bRandomFlipU": {
              "type": "bool",
              "value": true
            },
            "m_bRandomFlipV": {
              "type": "bool",
              "value": true
            },
            "m_bRandomRotation": {
              "type": "bool",
              "value": true
            }
          }
        }
      ]
    },
    {
      "AddEntity": [
        "e9f4b87a458724b5",
        {
          "parent": "ce1513e322d65f4a",
          "name": "ParticleEmitterPoint02",
          "factory": "[modules:/zparticleemitterboxentity.class].pc_entitytype",
          "blueprint": "[modules:/zparticleemitterboxentity.class].pc_entityblueprint",
          "properties": {
            "m_ParticleRender": {
              "type": "SEntityTemplateReference",
              "value": "38bcd0a43ad7e6cb"
            },
            "m_ParticleController": {
              "type": "SEntityTemplateReference",
              "value": "cf37f84a730c53bd"
            },
            "m_fParticlesPerSecond": {
              "type": "float32",
              "value": 10
            },
            "m_fFixedEmissionCount": {
              "type": "float32",
              "value": 0
            },
            "m_fSpeedMin": {
              "type": "float32",
              "value": 0
            },
            "m_fSpeedMax": {
              "type": "float32",
              "value": 0
            },
            "m_fOuterConeAngle": {
              "type": "float32",
              "value": 0
            },
            "m_vGlobalSize": {
              "type": "SVector3",
              "value": {
                "x": 0.15000000596046448,
                "y": 0,
                "z": 0.10000000149011612
              }
            },
            "m_fInnerConeAngle": {
              "type": "float32",
              "value": 0
            },
            "m_fEmissionTimeSeconds": {
              "type": "float32",
              "value": 1
            },
            "m_bEnabled": {
              "type": "bool",
              "value": false
            },
            "m_mTransform": {
              "type": "SMatrix43",
              "value": {
                "rotation": {
                  "x": -180,
                  "y": 0,
                  "z": -180
                },
                "position": {
                  "x": -0.04769099876284599,
                  "y": 0,
                  "z": -0.06196799874305725
                }
              }
            },
            "m_fParticlesPerSecondMax": {
              "type": "float32",
              "value": 40
            },
            "m_fEmissionCameraProximity": {
              "type": "float32",
              "value": 20
            },
            "m_eidParent": {
              "type": "SEntityTemplateReference",
              "value": "ce1513e322d65f4a"
            }
          }
        }
      ]
    },
    {
      "AddEntity": [
        "561ff41c0b4f0ec6",
        {
          "parent": "4114f04d3fe75aad",
          "name": "FloatCurve",
          "factory": "[modules:/zfloatcurveentity.class].pc_entitytype",
          "blueprint": "[modules:/zfloatcurveentity.class].pc_entityblueprint",
          "properties": {
            "m_Value": {
              "type": "ZCurve",
              "value": {
                "data": [
                  [
                    0.0021929824724793434,
                    0.007272727321833372,
                    0,
                    0,
                    -0.21304109692573547,
                    0.709404706954956,
                    0.000000000000000047740431268477473,
                    0.007272727321833372
                  ],
                  [
                    0.05043859779834747,
                    0.503636360168457,
                    0,
                    0,
                    -0.21304109692573547,
                    -0.07028144598007202,
                    0.7796861529350281,
                    0.503636360168457
                  ],
                  [
                    0.09868421405553818,
                    1,
                    0,
                    0,
                    -0.007272727321833372,
                    0.010909090749919416,
                    0.00000000000000000034974674884086953,
                    1
                  ],
                  [
                    0.6644737124443054,
                    1.003636360168457,
                    0,
                    0,
                    0.21382147073745728,
                    -0.7120032906532288,
                    -0.00000000000000004791530717613854,
                    1.003636360168457
                  ],
                  [
                    0.8289473652839661,
                    0.5054545402526855,
                    0,
                    0,
                    0.21382147073745728,
                    0.07053888589143753,
                    -0.7825421690940857,
                    0.5054545402526855
                  ],
                  [
                    0.9934210777282716,
                    0.007272727321833372,
                    0,
                    0,
                    0,
                    0,
                    0,
                    0.007272727321833372
                  ]
                ]
              }
            }
          }
        }
      ]
    },
    {
      "AddEntity": [
        "6b94cfecccf45e52",
        {
          "parent": "4114f04d3fe75aad",
          "name": "ParticleModifierColorAlphaCurve",
          "factory": "[modules:/zparticlemodifiercoloralphacurveentity.class].pc_entitytype",
          "blueprint": "[modules:/zparticlemodifiercoloralphacurveentity.class].pc_entityblueprint",
          "properties": {
            "m_eColorUsage": {
              "type": "EParticleColorUsage",
              "value": "LEAVE_PARTICLE_COLOR"
            },
            "m_AlphaCurveEntity": {
              "type": "SEntityTemplateReference",
              "value": "561ff41c0b4f0ec6"
            }
          }
        }
      ]
    },
    {
      "AddEntity": [
        "607e8a940b8084e8",
        {
          "parent": "ce1513e322d65f4a",
          "name": "ParticleEmitterPoint",
          "factory": "[modules:/zparticleemitterpointentity.class].pc_entitytype",
          "blueprint": "[modules:/zparticleemitterpointentity.class].pc_entityblueprint",
          "properties": {
            "m_ParticleRender": {
              "type": "SEntityTemplateReference",
              "value": "38bcd0a43ad7e6cb"
            },
            "m_ParticleController": {
              "type": "SEntityTemplateReference",
              "value": "30f569fcd83fcec7"
            },
            "m_fParticlesPerSecond": {
              "type": "float32",
              "value": 20
            },
            "m_fFixedEmissionCount": {
              "type": "float32",
              "value": 0
            },
            "m_fSpeedMin": {
              "type": "float32",
              "value": 0.10000000149011612
            },
            "m_fSpeedMax": {
              "type": "float32",
              "value": 0.699999988079071
            },
            "m_fOuterConeAngle": {
              "type": "float32",
              "value": 150
            },
            "m_fInnerConeAngle": {
              "type": "float32",
              "value": 0
            },
            "m_bEnabled": {
              "type": "bool",
              "value": false
            },
            "m_mTransform": {
              "type": "SMatrix43",
              "value": {
                "rotation": {
                  "x": 44.99995803833008,
                  "y": 90,
                  "z": 0
                },
                "position": {
                  "x": -0.1408119946718216,
                  "y": 0,
                  "z": -0.02566000074148178
                }
              }
            },
            "m_fParticlesPerSecondMax": {
              "type": "float32",
              "value": 50
            },
            "m_fEmissionTimeSeconds": {
              "type": "float32",
              "value": 0.10000000149011612
            },
            "m_fEmissionCameraProximity": {
              "type": "float32",
              "value": 20
            },
            "m_eidParent": {
              "type": "SEntityTemplateReference",
              "value": "ce1513e322d65f4a"
            }
          }
        }
      ]
    },
    {
      "AddEntity": [
        "68ca8e542c57e83b",
        {
          "parent": "10f604b86bca0f14",
          "name": "ParticleModifierColorAlphaCurve",
          "factory": "[modules:/zparticlemodifiercoloralphacurveentity.class].pc_entitytype",
          "blueprint": "[modules:/zparticlemodifiercoloralphacurveentity.class].pc_entityblueprint",
          "properties": {
            "m_eColorUsage": {
              "type": "EParticleColorUsage",
              "value": "LEAVE_PARTICLE_COLOR"
            },
            "m_AlphaCurveEntity": {
              "type": "SEntityTemplateReference",
              "value": "23cb072eda954a8e"
            }
          }
        }
      ]
    },
    {
      "AddEntity": [
        "b5ba48d2278720d4",
        {
          "parent": "10f604b86bca0f14",
          "name": "ParticleController01",
          "factory": "[modules:/zparticlecontrollerentity.class].pc_entitytype",
          "blueprint": "[modules:/zparticlecontrollerentity.class].pc_entityblueprint",
          "properties": {
            "m_fParticleSizeMin": {
              "type": "float32",
              "value": 0.4000000059604645
            },
            "m_fParticleSizeMax": {
              "type": "float32",
              "value": 1
            },
            "m_ParticleModifiers": {
              "type": "TArray<SEntityTemplateReference>",
              "value": [
                "85f45c2daef0162c",
                "68ca8e542c57e83b"
              ]
            },
            "m_fArrayIndexMax": {
              "type": "float32",
              "value": 3
            },
            "m_fWindMultiplier": {
              "type": "float32",
              "value": 0.10000000149011612
            },
            "m_fRotationSpeedMin": {
              "type": "float32",
              "value": -2
            },
            "m_fRotationSpeedMax": {
              "type": "float32",
              "value": 2
            },
            "m_fTimeToLiveSecondsMin": {
              "type": "float32",
              "value": 1
            },
            "m_fTimeToLiveSecondsMax": {
              "type": "float32",
              "value": 2
            },
            "m_ParticleColorRangeStart": {
              "type": "SColorRGB",
              "value": "#ffffff"
            },
            "m_ParticleColorRangeEnd": {
              "type": "SColorRGB",
              "value": "#bdbdbd"
            },
            "m_bRandomFlipU": {
              "type": "bool",
              "value": true
            },
            "m_bRandomFlipV": {
              "type": "bool",
              "value": true
            },
            "m_bRandomRotation": {
              "type": "bool",
              "value": true
            }
          }
        }
      ]
    },
    {
      "AddEntity": [
        "2b20c3d5f5ed8276",
        {
          "parent": "10f604b86bca0f14",
          "name": "ParticleEmitterPoint02",
          "factory": "[modules:/zparticleemitterboxentity.class].pc_entitytype",
          "blueprint": "[modules:/zparticleemitterboxentity.class].pc_entityblueprint",
          "properties": {
            "m_ParticleRender": {
              "type": "SEntityTemplateReference",
              "value": "ecdc81b7aa794d9f"
            },
            "m_ParticleController": {
              "type": "SEntityTemplateReference",
              "value": "b5ba48d2278720d4"
            },
            "m_fParticlesPerSecond": {
              "type": "float32",
              "value": 5
            },
            "m_fFixedEmissionCount": {
              "type": "float32",
              "value": 0
            },
            "m_fSpeedMin": {
              "type": "float32",
              "value": 0
            },
            "m_fSpeedMax": {
              "type": "float32",
              "value": 0
            },
            "m_fOuterConeAngle": {
              "type": "float32",
              "value": 0
            },
            "m_vGlobalSize": {
              "type": "SVector3",
              "value": {
                "x": 0.15000000596046448,
                "y": 0,
                "z": 0.10000000149011612
              }
            },
            "m_mTransform": {
              "type": "SMatrix43",
              "value": {
                "rotation": {
                  "x": 0,
                  "y": 0,
                  "z": 0
                },
                "position": {
                  "x": -0.05025799944996834,
                  "y": 0,
                  "z": 0.049619000405073166
                }
              }
            },
            "m_fInnerConeAngle": {
              "type": "float32",
              "value": 0
            },
            "m_fEmissionTimeSeconds": {
              "type": "float32",
              "value": 1
            },
            "m_bEnabled": {
              "type": "bool",
              "value": false
            },
            "m_fParticlesPerSecondMax": {
              "type": "float32",
              "value": 40
            },
            "m_fEmissionCameraProximity": {
              "type": "float32",
              "value": 20
            },
            "m_eidParent": {
              "type": "SEntityTemplateReference",
              "value": "10f604b86bca0f14"
            }
          }
        }
      ]
    },
    {
      "AddEntity": [
        "fdf8cb4f1784afaa",
        {
          "parent": "4114f04d3fe75aad",
          "name": "SignalPipe_Void",
          "factory": "[modules:/zsignalpipeentity_void.class].pc_entitytype",
          "blueprint": "[modules:/zsignalpipeentity_void.class].pc_entityblueprint",
          "events": {
            "Out": {
              "Activate": [
                "8fdedbe3cee444db"
              ]
            }
          }
        }
      ]
    },
    {
      "AddEntity": [
        "328fd555e4c4a5b5",
        {
          "parent": "72e796263e73c131",
          "name": "ParticleEmitterPoint",
          "factory": "[modules:/zparticleemitterpointentity.class].pc_entitytype",
          "blueprint": "[modules:/zparticleemitterpointentity.class].pc_entityblueprint",
          "properties": {
            "m_ParticleRender": {
              "type": "SEntityTemplateReference",
              "value": "c65b1096bc27b4f7"
            },
            "m_ParticleController": {
              "type": "SEntityTemplateReference",
              "value": "ef5d75153878c12f"
            },
            "m_fParticlesPerSecond": {
              "type": "float32",
              "value": 0
            },
            "m_fFixedEmissionCount": {
              "type": "float32",
              "value": 0
            },
            "m_fSpeedMin": {
              "type": "float32",
              "value": 0.10000000149011612
            },
            "m_fSpeedMax": {
              "type": "float32",
              "value": 1
            },
            "m_fOuterConeAngle": {
              "type": "float32",
              "value": 150
            },
            "m_mTransform": {
              "type": "SMatrix43",
              "value": {
                "rotation": {
                  "x": -19.39682006835938,
                  "y": -4.239457607269286,
                  "z": 24.439943313598633
                },
                "position": {
                  "x": -0.01182399969547987,
                  "y": -0.02329299971461296,
                  "z": 0.015677999705076218
                },
                "scale": {
                  "x": 1,
                  "y": 1,
                  "z": 1
                }
              }
            },
            "m_fInnerConeAngle": {
              "type": "float32",
              "value": 0
            },
            "m_bEnabled": {
              "type": "bool",
              "value": false
            },
            "m_fParticlesPerSecondMax": {
              "type": "float32",
              "value": 25
            },
            "m_fEmissionTimeSeconds": {
              "type": "float32",
              "value": 0.10000000149011612
            },
            "m_fEmissionCameraProximity": {
              "type": "float32",
              "value": 20
            },
            "m_eidParent": {
              "type": "SEntityTemplateReference",
              "value": "72e796263e73c131"
            }
          }
        }
      ]
    },
    {
      "AddEntity": [
        "da4fe33dbf3c3833",
        {
          "parent": "d9ba5ac5f589588e",
          "name": "SignalPipe_Void",
          "factory": "[modules:/zsignalpipeentity_void.class].pc_entitytype",
          "blueprint": "[modules:/zsignalpipeentity_void.class].pc_entityblueprint",
          "events": {
            "Out": {
              "Send": [
                "dcd78539147e78c7"
              ]
            }
          }
        }
      ]
    },
    {
      "AddEntity": [
        "a02f71bdf8022339",
        {
          "parent": "10f604b86bca0f14",
          "name": "ParticleController",
          "factory": "[modules:/zparticlecontrollerentity.class].pc_entitytype",
          "blueprint": "[modules:/zparticlecontrollerentity.class].pc_entityblueprint",
          "properties": {
            "m_fParticleSizeMin": {
              "type": "float32",
              "value": 0.699999988079071
            },
            "m_fParticleSizeMax": {
              "type": "float32",
              "value": 1.5
            },
            "m_ParticleModifiers": {
              "type": "TArray<SEntityTemplateReference>",
              "value": [
                "246b66eea7abf2b2",
                "e64812ef18709997"
              ]
            },
            "m_fArrayIndexMax": {
              "type": "float32",
              "value": 15
            },
            "m_fWindMultiplier": {
              "type": "float32",
              "value": 0
            },
            "m_fRotationSpeedMin": {
              "type": "float32",
              "value": -1
            },
            "m_fRotationSpeedMax": {
              "type": "float32",
              "value": 1
            },
            "m_fTimeToLiveSecondsMin": {
              "type": "float32",
              "value": 1
            },
            "m_fTimeToLiveSecondsMax": {
              "type": "float32",
              "value": 2
            },
            "m_ParticleColorRangeStart": {
              "type": "SColorRGB",
              "value": "#bfbfbf"
            },
            "m_ParticleColorRangeEnd": {
              "type": "SColorRGB",
              "value": "#808080"
            },
            "m_bRandomRotation": {
              "type": "bool",
              "value": true
            }
          }
        }
      ]
    },
    {
      "AddEntity": [
        "c3530ff80a9cd26a",
        {
          "parent": "10f604b86bca0f14",
          "name": "ParticleEmitterPoint",
          "factory": "[modules:/zparticleemitterpointentity.class].pc_entitytype",
          "blueprint": "[modules:/zparticleemitterpointentity.class].pc_entityblueprint",
          "properties": {
            "m_ParticleRender": {
              "type": "SEntityTemplateReference",
              "value": "ecdc81b7aa794d9f"
            },
            "m_ParticleController": {
              "type": "SEntityTemplateReference",
              "value": "a02f71bdf8022339"
            },
            "m_fParticlesPerSecond": {
              "type": "float32",
              "value": 20
            },
            "m_fFixedEmissionCount": {
              "type": "float32",
              "value": 0
            },
            "m_fSpeedMin": {
              "type": "float32",
              "value": 0.10000000149011612
            },
            "m_fSpeedMax": {
              "type": "float32",
              "value": 0.699999988079071
            },
            "m_fOuterConeAngle": {
              "type": "float32",
              "value": 150
            },
            "m_mTransform": {
              "type": "SMatrix43",
              "value": {
                "rotation": {
                  "x": 45,
                  "y": 90,
                  "z": 0
                },
                "position": {
                  "x": -0.1441829949617386,
                  "y": 0,
                  "z": 0.030973000451922417
                }
              }
            },
            "m_fInnerConeAngle": {
              "type": "float32",
              "value": 0
            },
            "m_bEnabled": {
              "type": "bool",
              "value": false
            },
            "m_fEmissionTimeSeconds": {
              "type": "float32",
              "value": 0.10000000149011612
            },
            "m_fParticlesPerSecondMax": {
              "type": "float32",
              "value": 50
            },
            "m_fEmissionCameraProximity": {
              "type": "float32",
              "value": 20
            },
            "m_eidParent": {
              "type": "SEntityTemplateReference",
              "value": "10f604b86bca0f14"
            }
          }
        }
      ]
    },
    {
      "AddEntity": [
        "d10f8c68d41d738c",
        {
          "parent": "4114f04d3fe75aad",
          "name": "ParticleModifierCollisionSphere",
          "factory": "[modules:/zparticlemodifiercollisionsphereentity.class].pc_entitytype",
          "blueprint": "[modules:/zparticlemodifiercollisionsphereentity.class].pc_entityblueprint",
          "properties": {
            "m_CollisionEntities": {
              "type": "TArray<SEntityTemplateReference>",
              "value": [
                "be12c05a6e7a219d"
              ]
            },
            "m_eCollisionResponse": {
              "type": "ECollisionResponse",
              "value": "SLIDE_ON"
            }
          }
        }
      ]
    },
    {
      "AddEntity": [
        "e79287dc9db2ee53",
        {
          "parent": "4114f04d3fe75aad",
          "name": "ParticleController01",
          "factory": "[modules:/zparticlecontrollerentity.class].pc_entitytype",
          "blueprint": "[modules:/zparticlecontrollerentity.class].pc_entityblueprint",
          "properties": {
            "m_fParticleSizeMin": {
              "type": "float32",
              "value": 0.4000000059604645
            },
            "m_fParticleSizeMax": {
              "type": "float32",
              "value": 1
            },
            "m_ParticleModifiers": {
              "type": "TArray<SEntityTemplateReference>",
              "value": [
                "006b25c02d468288",
                "6b94cfecccf45e52",
                "d10f8c68d41d738c"
              ]
            },
            "m_fArrayIndexMax": {
              "type": "float32",
              "value": 3
            },
            "m_fWindMultiplier": {
              "type": "float32",
              "value": 0.10000000149011612
            },
            "m_fRotationSpeedMin": {
              "type": "float32",
              "value": -2
            },
            "m_fRotationSpeedMax": {
              "type": "float32",
              "value": 2
            },
            "m_fTimeToLiveSecondsMin": {
              "type": "float32",
              "value": 1
            },
            "m_fTimeToLiveSecondsMax": {
              "type": "float32",
              "value": 2
            },
            "m_ParticleColorRangeStart": {
              "type": "SColorRGB",
              "value": "#ffffff"
            },
            "m_ParticleColorRangeEnd": {
              "type": "SColorRGB",
              "value": "#bdbdbd"
            },
            "m_bRandomFlipU": {
              "type": "bool",
              "value": true
            },
            "m_bRandomFlipV": {
              "type": "bool",
              "value": true
            },
            "m_bRandomRotation": {
              "type": "bool",
              "value": true
            }
          }
        }
      ]
    },
    {
      "AddEntity": [
        "b441734e2edd2d87",
        {
          "parent": "4114f04d3fe75aad",
          "name": "ParticleController",
          "factory": "[modules:/zparticlecontrollerentity.class].pc_entitytype",
          "blueprint": "[modules:/zparticlecontrollerentity.class].pc_entityblueprint",
          "properties": {
            "m_fParticleSizeMin": {
              "type": "float32",
              "value": 0.699999988079071
            },
            "m_fParticleSizeMax": {
              "type": "float32",
              "value": 1.5
            },
            "m_ParticleModifiers": {
              "type": "TArray<SEntityTemplateReference>",
              "value": [
                "d2d4b60e1810490f",
                "636909c6c0fa5ddc",
                "d10f8c68d41d738c"
              ]
            },
            "m_fArrayIndexMax": {
              "type": "float32",
              "value": 15
            },
            "m_fWindMultiplier": {
              "type": "float32",
              "value": 0
            },
            "m_fRotationSpeedMin": {
              "type": "float32",
              "value": -1
            },
            "m_fRotationSpeedMax": {
              "type": "float32",
              "value": 1
            },
            "m_fTimeToLiveSecondsMin": {
              "type": "float32",
              "value": 1
            },
            "m_fTimeToLiveSecondsMax": {
              "type": "float32",
              "value": 2
            },
            "m_ParticleColorRangeStart": {
              "type": "SColorRGB",
              "value": "#bfbfbf"
            },
            "m_ParticleColorRangeEnd": {
              "type": "SColorRGB",
              "value": "#808080"
            },
            "m_bRandomRotation": {
              "type": "bool",
              "value": true
            }
          }
        }
      ]
    },
    {
      "AddEntity": [
        "5a017b6cd2641b24",
        {
          "parent": "4114f04d3fe75aad",
          "name": "ParticleEmitterPoint01",
          "factory": "[modules:/zparticleemitterpointentity.class].pc_entitytype",
          "blueprint": "[modules:/zparticleemitterpointentity.class].pc_entityblueprint",
          "properties": {
            "m_ParticleRender": {
              "type": "SEntityTemplateReference",
              "value": "140aa8e5aafe5b18"
            },
            "m_ParticleController": {
              "type": "SEntityTemplateReference",
              "value": "b441734e2edd2d87"
            },
            "m_fParticlesPerSecond": {
              "type": "float32",
              "value": 0
            },
            "m_fFixedEmissionCount": {
              "type": "float32",
              "value": 0
            },
            "m_fSpeedMin": {
              "type": "float32",
              "value": 0.10000000149011612
            },
            "m_fSpeedMax": {
              "type": "float32",
              "value": 1
            },
            "m_fOuterConeAngle": {
              "type": "float32",
              "value": 100
            },
            "m_mTransform": {
              "type": "SMatrix43",
              "value": {
                "rotation": {
                  "x": 136.80140686035156,
                  "y": -13.67663860321045,
                  "z": -159.4095916748047
                },
                "position": {
                  "x": 0.004912999924272299,
                  "y": -0.019533999264240265,
                  "z": -0.009446999989449978
                },
                "scale": {
                  "x": 1,
                  "y": 1,
                  "z": 1
                }
              }
            },
            "m_fInnerConeAngle": {
              "type": "float32",
              "value": 0
            },
            "m_bEnabled": {
              "type": "bool",
              "value": false
            },
            "m_fEmissionTimeSeconds": {
              "type": "float32",
              "value": 0.10000000149011612
            },
            "m_fParticlesPerSecondMax": {
              "type": "float32",
              "value": 25
            },
            "m_fEmissionCameraProximity": {
              "type": "float32",
              "value": 20
            },
            "m_eidParent": {
              "type": "SEntityTemplateReference",
              "value": "4114f04d3fe75aad",
              "postInit": true
            }
          }
        }
      ]
    },
    {
      "AddEntity": [
        "6ec01c442fa33559",
        {
          "parent": "4114f04d3fe75aad",
          "name": "ParticleEmitterPoint02",
          "factory": "[modules:/zparticleemitterboxentity.class].pc_entitytype",
          "blueprint": "[modules:/zparticleemitterboxentity.class].pc_entityblueprint",
          "properties": {
            "m_ParticleRender": {
              "type": "SEntityTemplateReference",
              "value": "140aa8e5aafe5b18"
            },
            "m_ParticleController": {
              "type": "SEntityTemplateReference",
              "value": "e79287dc9db2ee53"
            },
            "m_fParticlesPerSecond": {
              "type": "float32",
              "value": 10
            },
            "m_fFixedEmissionCount": {
              "type": "float32",
              "value": 0
            },
            "m_fSpeedMin": {
              "type": "float32",
              "value": 0
            },
            "m_fSpeedMax": {
              "type": "float32",
              "value": 0
            },
            "m_fOuterConeAngle": {
              "type": "float32",
              "value": 0
            },
            "m_vGlobalSize": {
              "type": "SVector3",
              "value": {
                "x": 0.01010810025036335,
                "y": 0.02613390050828457,
                "z": 0.2956640124320984
              }
            },
            "m_mTransform": {
              "type": "SMatrix43",
              "value": {
                "rotation": {
                  "x": 8.974733352661135,
                  "y": 1.9445908069610598,
                  "z": 27.168300628662106
                },
                "position": {
                  "x": -0.024204999208450317,
                  "y": 0.006380000151693821,
                  "z": -0.03788900002837181
                }
              }
            },
            "m_fInnerConeAngle": {
              "type": "float32",
              "value": 0
            },
            "m_fEmissionTimeSeconds": {
              "type": "float32",
              "value": 1
            },
            "m_bEnabled": {
              "type": "bool",
              "value": false
            },
            "m_fParticlesPerSecondMax": {
              "type": "float32",
              "value": 30
            },
            "m_fEmissionCameraProximity": {
              "type": "float32",
              "value": 20
            },
            "m_eidParent": {
              "type": "SEntityTemplateReference",
              "value": "4114f04d3fe75aad"
            }
          }
        }
      ]
    },
    {
      "AddEntity": [
        "3a65c65035f008c3",
        {
          "parent": "4114f04d3fe75aad",
          "name": "ParticleEmitterPoint",
          "factory": "[modules:/zparticleemitterpointentity.class].pc_entitytype",
          "blueprint": "[modules:/zparticleemitterpointentity.class].pc_entityblueprint",
          "properties": {
            "m_ParticleRender": {
              "type": "SEntityTemplateReference",
              "value": "140aa8e5aafe5b18"
            },
            "m_ParticleController": {
              "type": "SEntityTemplateReference",
              "value": "b441734e2edd2d87"
            },
            "m_fParticlesPerSecond": {
              "type": "float32",
              "value": 0
            },
            "m_fFixedEmissionCount": {
              "type": "float32",
              "value": 0
            },
            "m_fSpeedMin": {
              "type": "float32",
              "value": 0.10000000149011612
            },
            "m_fSpeedMax": {
              "type": "float32",
              "value": 1
            },
            "m_fOuterConeAngle": {
              "type": "float32",
              "value": 150
            },
            "m_mTransform": {
              "type": "SMatrix43",
              "value": {
                "rotation": {
                  "x": -4.03537654876709,
                  "y": -8.805517196655275,
                  "z": 24.117355346679695
                },
                "position": {
                  "x": 0.0004729999927803874,
                  "y": -0.0017559999832883477,
                  "z": 0.04734500125050545
                },
                "scale": {
                  "x": 1,
                  "y": 1,
                  "z": 1
                }
              }
            },
            "m_fInnerConeAngle": {
              "type": "float32",
              "value": 0
            },
            "m_bEnabled": {
              "type": "bool",
              "value": false
            },
            "m_fEmissionTimeSeconds": {
              "type": "float32",
              "value": 0.10000000149011612
            },
            "m_fParticlesPerSecondMax": {
              "type": "float32",
              "value": 25
            },
            "m_fEmissionCameraProximity": {
              "type": "float32",
              "value": 20
            },
            "m_eidParent": {
              "type": "SEntityTemplateReference",
              "value": "4114f04d3fe75aad"
            }
          }
        }
      ]
    }
  ],
  "patchVersion": 6
}