{
  "tempHash": "0088E28E327D83D4",
  "tbluHash": "0088396BD789EB16",
  "patch": [
    {
      "SubEntityOperation": [
        "9f5e545cc6d96113",
        {
          "SetPropertyValue": {
            "property_name": "m_mTransform",
            "value": {
              "rotation": {
                "x": 0,
                "y": 0,
                "z": 180
              },
              "position": {
                "x": -0.075,
                "y": -0.655,
                "z": 0
              }
            }
          }
        }
      ]
    },
    {
      "SubEntityOperation": [
        "0bb798ff1bc00176",
        {
          "SetPropertyValue": {
            "property_name": "m_mTransform",
            "value": {
              "rotation": {
                "x": 0,
                "y": 0,
                "z": 0
              },
              "position": {
                "x": -0.075,
                "y": 0.655,
                "z": 0
              }
            }
          }
        }
      ]
    },
    {
      "SubEntityOperation": [
        "01fe2f116c0451b1",
        {
          "RemoveAllEventConnectionsForTrigger": [
            "KeyCompleted",
            "Poll"
          ]
        }
      ]
    },
    {
      "SubEntityOperation": [
        "01fe2f116c0451b1",
        {
          "RemoveAllEventConnectionsForTrigger": [
            "LockpickCompleted",
            "Poll"
          ]
        }
      ]
    },
    {
      "SubEntityOperation": [
        "bb6ef8972509d973",
        {
          "SetPropertyValue": {
            "property_name": "m_mTransform",
            "value": {
              "rotation": {
                "x": 0,
                "y": 0,
                "z": 0
              },
              "position": {
                "x": -0.1,
                "y": 0.65,
                "z": 0
              }
            }
          }
        }
      ]
    },
    {
      "SubEntityOperation": [
        "e5ad4a62eb1723ef",
        {
          "SetPropertyValue": {
            "property_name": "m_mTransform",
            "value": {
              "rotation": {
                "x": 0,
                "y": 0,
                "z": 180
              },
              "position": {
                "x": 0,
                "y": -0.07,
                "z": -0.07
              }
            }
          }
        }
      ]
    },
    {
      "SubEntityOperation": [
        "beb5211fe7cc5247",
        {
          "SetPropertyValue": {
            "property_name": "m_mTransform",
            "value": {
              "rotation": {
                "x": 0,
                "y": 0,
                "z": -180
              },
              "position": {
                "x": -0.075,
                "y": -0.65,
                "z": 0
              }
            }
          }
        }
      ]
    },
    {
      "SubEntityOperation": [
        "b037dcf71c602f6a",
        {
          "SetPropertyValue": {
            "property_name": "m_mTransform",
            "value": {
              "rotation": {
                "x": 0,
                "y": 0,
                "z": 180
              },
              "position": {
                "x": 0,
                "y": -0.2,
                "z": 1.2
              }
            }
          }
        }
      ]
    },
    {
      "SubEntityOperation": [
        "146615f7decf49df",
        {
          "SetPropertyValue": {
            "property_name": "m_mTransform",
            "value": {
              "rotation": {
                "x": 0,
                "y": 0,
                "z": 180
              },
              "position": {
                "x": 0,
                "y": 0,
                "z": 1.2
              }
            }
          }
        }
      ]
    },
    {
      "SubEntityOperation": [
        "c7224f6fe6fec879",
        {
          "SetPropertyValue": {
            "property_name": "m_mTransform",
            "value": {
              "rotation": {
                "x": 180,
                "y": -90,
                "z": 0
              },
              "position": {
                "x": 0,
                "y": 0,
                "z": 1
              }
            }
          }
        }
      ]
    }
  ],
  "patchVersion": 6
}