{
  "tempHash": "00C8C314E552073A",
  "tbluHash": "00D1C7E81D1A7EE4",
  "patch": [
    {
      "SubEntityOperation": [
        "97111d71a2b24c34",
        {
          "SetPropertyValue": {
            "property_name": "m_pMainEvent",
            "value": {
              "resource": "[assembly:/sound/wwise/exportedwwisedata/events/gui_events/ingame_gui/mainmenu/play_gui_menu_navigation_dark_bumper_left.wwiseevent].pc_wwisebank",
              "flag": "5F"
            }
          }
        }
      ]
    },
    {
      "SubEntityOperation": [
        "2671c7046b0c33c0",
        {
          "SetPropertyValue": {
            "property_name": "m_pMainEvent",
            "value": {
              "resource": "[assembly:/sound/wwise/exportedwwisedata/events/gui_events/ingame_gui/global/play_gui_global_noentry.wwiseevent].pc_wwisebank",
              "flag": "5F"
            }
          }
        }
      ]
    },
    {
      "SubEntityOperation": [
        "8193c375af8300df",
        {
          "SetPropertyValue": {
            "property_name": "m_pMainEvent",
            "value": {
              "resource": "[assembly:/sound/wwise/exportedwwisedata/events/gui_events/ingame_gui/global/play_gui_global_previouspage.wwiseevent].pc_wwisebank",
              "flag": "5F"
            }
          }
        }
      ]
    },
    {
      "SubEntityOperation": [
        "33e7fe52f3494494",
        {
          "SetPropertyValue": {
            "property_name": "m_pMainEvent",
            "value": {
              "resource": "[assembly:/sound/wwise/exportedwwisedata/events/gui_events/ingame_gui/mainmenu/play_gui_menu_navigation_dark_bumper_left.wwiseevent].pc_wwisebank",
              "flag": "5F"
            }
          }
        }
      ]
    },
    {
      "SubEntityOperation": [
        "c8ff3c6ac5d62098",
        {
          "SetPropertyValue": {
            "property_name": "m_pMainEvent",
            "value": {
              "resource": "[assembly:/sound/wwise/exportedwwisedata/events/gui_events/ingame_gui/global/play_gui_global_pause_menu_accept.wwiseevent].pc_wwisebank",
              "flag": "5F"
            }
          }
        }
      ]
    },
    {
      "SubEntityOperation": [
        "e1267f6f07883218",
        {
          "SetPropertyValue": {
            "property_name": "m_pMainEvent",
            "value": {
              "resource": "[assembly:/sound/wwise/exportedwwisedata/events/gui_events/ingame_gui/global/play_gui_global_nextpage.wwiseevent].pc_wwisebank",
              "flag": "5F"
            }
          }
        }
      ]
    },
    {
      "SubEntityOperation": [
        "47dde8891dc10405",
        {
          "SetPropertyValue": {
            "property_name": "m_pMainEvent",
            "value": {
              "resource": "[assembly:/sound/wwise/exportedwwisedata/events/gui_events/ingame_gui/global/play_gui_global_pause_menu_accept.wwiseevent].pc_wwisebank",
              "flag": "5F"
            }
          }
        }
      ]
    },
    {
      "SubEntityOperation": [
        "43e7309a296a84dc",
        {
          "SetPropertyValue": {
            "property_name": "m_pMainEvent",
            "value": {
              "resource": "0019879BDBAB3CDE",
              "flag": "5F"
            }
          }
        }
      ]
    },
    {
      "SubEntityOperation": [
        "46e6d0c81de21e35",
        {
          "SetPropertyValue": {
            "property_name": "m_pMainEvent",
            "value": {
              "resource": "[assembly:/sound/wwise/exportedwwisedata/events/gui_events/ingame_gui/global/play_gui_global_pause_menu_accept.wwiseevent].pc_wwisebank",
              "flag": "5F"
            }
          }
        }
      ]
    },
    {
      "SubEntityOperation": [
        "719f6497b76d5ef0",
        {
          "SetPropertyValue": {
            "property_name": "m_pMainEvent",
            "value": {
              "resource": "[assembly:/sound/wwise/exportedwwisedata/events/gui_events/ingame_gui/mainmenu/play_gui_menu_navigation_dark_bumper_right.wwiseevent].pc_wwisebank",
              "flag": "5F"
            }
          }
        }
      ]
    },
    {
      "SubEntityOperation": [
        "9adbf12a2f0e894",
        {
          "SetPropertyValue": {
            "property_name": "m_pMainEvent",
            "value": {
              "resource": "[assembly:/sound/wwise/exportedwwisedata/events/gui_events/ingame_gui/global/play_gui_global_slide.wwiseevent].pc_wwisebank",
              "flag": "5F"
            }
          }
        }
      ]
    },
    {
      "SubEntityOperation": [
        "9adbf12a2f0e894",
        {
          "SetPropertyValue": {
            "property_name": "m_pEmitter",
            "value": "a1e834d8bea4295a"
          }
        }
      ]
    },
    {
      "SubEntityOperation": [
        "54576719065902cc",
        {
          "SetPropertyValue": {
            "property_name": "m_bStopAtSceneReset",
            "value": true
          }
        }
      ]
    },
    {
      "SubEntityOperation": [
        "54576719065902cc",
        {
          "RemoveAllEventConnectionsForEvent": "Duration"
        }
      ]
    },
    {
      "SubEntityOperation": [
        "e30bdcb35d0a6588",
        {
          "SetPropertyValue": {
            "property_name": "m_pMainEvent",
            "value": {
              "resource": "[assembly:/sound/wwise/exportedwwisedata/events/gui_events/ingame_gui/mainmenu/play_gui_menu_navigation_dark_bumper_left.wwiseevent].pc_wwisebank",
              "flag": "5F"
            }
          }
        }
      ]
    },
    {
      "SubEntityOperation": [
        "f2a8a88660f4bfb4",
        {
          "SetPropertyValue": {
            "property_name": "m_bStopAtSceneReset",
            "value": true
          }
        }
      ]
    },
    {
      "SubEntityOperation": [
        "7780637e34366019",
        {
          "SetPropertyValue": {
            "property_name": "m_pMainEvent",
            "value": {
              "resource": "[assembly:/sound/wwise/exportedwwisedata/events/gui_events/ingame_gui/global/play_gui_global_pause_menu_accept.wwiseevent].pc_wwisebank",
              "flag": "5F"
            }
          }
        }
      ]
    },
    {
      "SubEntityOperation": [
        "fd5f90a7ec2d4944",
        {
          "SetPropertyValue": {
            "property_name": "m_pMainEvent",
            "value": {
              "resource": "[assembly:/sound/wwise/exportedwwisedata/events/gui_events/ingame_gui/mainmenu/play_gui_menu_navigation_dark_bumper_left.wwiseevent].pc_wwisebank",
              "flag": "5F"
            }
          }
        }
      ]
    }
  ],
  "patchVersion": 6
}