{"tempHash":"0039F19A21BABF23","tbluHash":"00A9EFA99A13602C","patch":[{"SubEntityOperation":["52a9ac92e2a70d90",{"SetPropertyValue":{"property_name":"m_vGravity","value":{"x":0,"y":0,"z":0}}}]},{"SubEntityOperation":["52a9ac92e2a70d90",{"SetPropertyValue":{"property_name":"m_fParticleSizeMin","value":0}}]},{"SubEntityOperation":["52a9ac92e2a70d90",{"SetPropertyValue":{"property_name":"m_fParticleSizeMax","value":0}}]},{"SubEntityOperation":["52a9ac92e2a70d90",{"SetPropertyValue":{"property_name":"m_FixedAlpha","value":0}}]},{"SubEntityOperation":["52a9ac92e2a70d90",{"SetPropertyValue":{"property_name":"SizeAddMin","value":0}}]},{"SubEntityOperation":["52a9ac92e2a70d90",{"SetPropertyValue":{"property_name":"SizeAddMax","value":0}}]},{"SubEntityOperation":["52a9ac92e2a70d90",{"SetPropertyValue":{"property_name":"m_fArrayIndexA","value":0}}]},{"SubEntityOperation":["52a9ac92e2a70d90",{"SetPropertyValue":{"property_name":"AlphaCurve","value":{"data":[[0,0,0,0,0,0,0,0],[0,0,0,0,0,0,0,0],[0,0,0,0,0,0,0,0],[0,0,0,0,0,0,0,0],[0,0,0,0,0,0,0,0]]}}}]},{"SubEntityOperation":["52a9ac92e2a70d90",{"SetPropertyValue":{"property_name":"m_fTimeToLiveSecondsMin","value":0}}]},{"SubEntityOperation":["52a9ac92e2a70d90",{"SetPropertyValue":{"property_name":"m_fTimeToLiveSecondsMax","value":0}}]},{"SubEntityOperation":["52a9ac92e2a70d90",{"SetPropertyValue":{"property_name":"m_fArrayIndexB","value":0}}]},{"SubEntityOperation":["52a9ac92e2a70d90",{"SetPropertyValue":{"property_name":"m_nMultiTrackLength","value":0}}]},{"SubEntityOperation":["52a9ac92e2a70d90",{"SetPropertyValue":{"property_name":"m_fWindMultiplier","value":0}}]}],"patchVersion":6}