{
    "tempHash": "002E6EF45A8F4E0F",
    "tbluHash": "00BFFF622280A056",
    "rootEntity": "3938064ec4785641",
    "entities": {
      "c46f2a81e9cf6fb": {
        "parent": "3938064ec4785641",
        "name": "Spatial_Action_Crowbar_Center",
        "factory": "[modules:/zspatialentity.class].pc_entitytype",
        "blueprint": "[modules:/zspatialentity.class].pc_entityblueprint",
        "properties": {
          "m_mTransform": {
            "type": "SMatrix43",
            "value": {
              "rotation": {
                "x": 0,
                "y": 0,
                "z": 0
              },
              "position": {
                "x": -0.45,
                "y": 0,
                "z": 0
              }
            }
          },
          "m_eidParent": {
            "type": "SEntityTemplateReference",
            "value": "69b82fb0caaa73c8",
            "postInit": true
          }
        }
      },
      "26e74680261ad909": {
        "parent": "3938064ec4785641",
        "name": "VoidSignalOnce",
        "factory": "[modules:/zvoidsignalonceentity.class].pc_entitytype",
        "blueprint": "[modules:/zvoidsignalonceentity.class].pc_entityblueprint",
        "properties": {
          "m_bSignaling": {
            "type": "bool",
            "value": true
          },
          "m_fExpireInterval": {
            "type": "float32",
            "value": -1
          }
        },
        "events": {
          "Out": {
            "In": [
              "ee05e351b3c1dcf9"
            ]
          }
        }
      },
      "e3a920f6013a8a1": {
        "parent": "3938064ec4785641",
        "name": "Spatial_Action_Crowbar",
        "factory": "[modules:/zspatialentity.class].pc_entitytype",
        "blueprint": "[modules:/zspatialentity.class].pc_entityblueprint",
        "properties": {
          "m_mTransform": {
            "type": "SMatrix43",
            "value": {
              "rotation": {
                "x": 0,
                "y": 0,
                "z": 180
              },
              "position": {
                "x": 0.05,
                "y": -0.665,
                "z": 0
              }
            }
          },
          "m_eidParent": {
            "type": "SEntityTemplateReference",
            "value": "c46f2a81e9cf6fb"
          }
        }
      },
      "51e37b876741e02e": {
        "parent": "3938064ec4785641",
        "name": "Spatial_Action_Crowbar_OtherSide",
        "factory": "[modules:/zspatialentity.class].pc_entitytype",
        "blueprint": "[modules:/zspatialentity.class].pc_entityblueprint",
        "properties": {
          "m_mTransform": {
            "type": "SMatrix43",
            "value": {
              "rotation": {
                "x": 0,
                "y": 0,
                "z": 0
              },
              "position": {
                "x": 0.05,
                "y": 0.69,
                "z": 0
              }
            }
          },
          "m_eidParent": {
            "type": "SEntityTemplateReference",
            "value": "c46f2a81e9cf6fb"
          }
        }
      },
      "93ffda221987b5b4": {
        "parent": "3938064ec4785641",
        "name": "Spatial_Action_Key",
        "factory": "[modules:/zspatialentity.class].pc_entitytype",
        "blueprint": "[modules:/zspatialentity.class].pc_entityblueprint",
        "properties": {
          "m_mTransform": {
            "type": "SMatrix43",
            "value": {
              "rotation": {
                "x": 0,
                "y": 0,
                "z": 180
              },
              "position": {
                "x": 0.05,
                "y": -0.685,
                "z": 0
              }
            }
          },
          "m_eidParent": {
            "type": "SEntityTemplateReference",
            "value": "d7668902a47e5582",
            "postInit": true
          }
        }
      },
      "f610c65492656d40": {
        "parent": "e098048b32e5fe76",
        "name": "CurveTrajectoryItem",
        "factory": "[modules:/zeulerangletrajectorysource.class].pc_entitytype",
        "blueprint": "[modules:/zeulerangletrajectorysource.class].pc_entityblueprint",
        "properties": {
          "m_startTime": {
            "type": "ZGameTime",
            "value": {
              "m_nTicks": 0
            }
          },
          "m_duration": {
            "type": "ZGameTime",
            "value": {
              "m_nTicks": 251658
            }
          },
          "m_CurveX": {
            "type": "ZCurve",
            "value": {
              "data": [
                [
                  0,
                  0.5150308609008789,
                  -0.000002316069867447368,
                  0.000006062651209504111,
                  -0.0000070844412221049424,
                  0.000004291534423828125,
                  0,
                  0.5150308609008789
                ],
                [
                  0.7857150435447693,
                  0.5150318145751953,
                  0,
                  0,
                  0,
                  0,
                  0,
                  0.5150318145751953
                ],
                [
                  1,
                  0.5150318145751953,
                  0,
                  0,
                  0,
                  0,
                  0,
                  0.5150318145751953
                ]
              ]
            }
          },
          "m_CurveRotX": {
            "type": "ZCurve",
            "value": {
              "data": [
                [
                  0,
                  0,
                  0,
                  0,
                  0,
                  0,
                  0,
                  0
                ],
                [
                  0.7857150435447693,
                  0,
                  0,
                  0,
                  0,
                  0,
                  0,
                  0
                ],
                [
                  1,
                  0,
                  0,
                  0,
                  0,
                  0,
                  0,
                  0
                ]
              ]
            }
          },
          "m_CurveY": {
            "type": "ZCurve",
            "value": {
              "data": [
                [
                  0,
                  0,
                  0,
                  0,
                  0,
                  0,
                  0,
                  0
                ],
                [
                  0.7857150435447693,
                  0,
                  0,
                  0,
                  0,
                  0,
                  0,
                  0
                ],
                [
                  1,
                  0,
                  0,
                  0,
                  0,
                  0,
                  0,
                  0
                ]
              ]
            }
          },
          "m_CurveRotY": {
            "type": "ZCurve",
            "value": {
              "data": [
                [
                  0,
                  0,
                  0,
                  0,
                  0,
                  0,
                  0,
                  0
                ],
                [
                  0.7857150435447693,
                  0,
                  0,
                  0,
                  0,
                  0,
                  0,
                  0
                ],
                [
                  1,
                  0,
                  0,
                  0,
                  0,
                  0,
                  0,
                  0
                ]
              ]
            }
          },
          "m_CurveZ": {
            "type": "ZCurve",
            "value": {
              "data": [
                [
                  0,
                  0.029989000409841537,
                  1.0718134641647339,
                  -1.3579119443893433,
                  0.2860984802246094,
                  0,
                  0,
                  0.029989000409841537
                ],
                [
                  0.7857150435447693,
                  0.029989000409841537,
                  0,
                  0,
                  0,
                  0,
                  0,
                  0.029989000409841537
                ],
                [
                  1,
                  0.029989000409841537,
                  0,
                  0,
                  0,
                  0,
                  0,
                  0.029989000409841537
                ]
              ]
            }
          },
          "m_CurveRotZ": {
            "type": "ZCurve",
            "value": {
              "data": [
                [
                  0,
                  0,
                  242.85751342773438,
                  -635.7150268554688,
                  742.8575439453125,
                  -450,
                  0,
                  0
                ],
                [
                  0.7857150435447693,
                  -100,
                  -24.285751342773438,
                  57.85725402832031,
                  -62.85725402832031,
                  39.28575134277344,
                  0,
                  -100
                ],
                [
                  1,
                  -90,
                  0,
                  0,
                  0,
                  0,
                  0,
                  -90
                ]
              ]
            }
          }
        }
      },
      "d1fbe05f15916a9c": {
        "parent": "3938064ec4785641",
        "name": "Spatial_Prompt_Middle_Door_Close_",
        "factory": "[modules:/zdebuggizmoentity.class].pc_entitytype",
        "blueprint": "[modules:/zdebuggizmoentity.class].pc_entityblueprint",
        "properties": {
          "m_mTransform": {
            "type": "SMatrix43",
            "value": {
              "rotation": {
                "x": 0,
                "y": 0,
                "z": 0
              },
              "position": {
                "x": 0,
                "y": 0,
                "z": 1.2000000476837158
              }
            }
          },
          "m_GizmoGeomRID": {
            "type": "ZRuntimeResourceID",
            "value": {
              "resource": "[assembly:/geometry/g2/gizmos.wl2?/gizmo_setpiece_promptpos.prim].pc_prim",
              "flag": "5F"
            }
          },
          "m_eDrawLayer": {
            "type": "ZDebugGizmoEntity.EDrawLayer",
            "value": "DL_ALIGNMENT"
          },
          "m_eidParent": {
            "type": "SEntityTemplateReference",
            "value": "69b82fb0caaa73c8",
            "postInit": true
          }
        }
      },
      "faef2d7663fcbbc0": {
        "parent": "3938064ec4785641",
        "name": "Spatial_Prompt_OneSide",
        "factory": "[modules:/zdebuggizmoentity.class].pc_entitytype",
        "blueprint": "[modules:/zdebuggizmoentity.class].pc_entityblueprint",
        "properties": {
          "m_mTransform": {
            "type": "SMatrix43",
            "value": {
              "rotation": {
                "x": 0,
                "y": 0,
                "z": 179.99998474121105
              },
              "position": {
                "x": 0,
                "y": -0.20000000298023224,
                "z": 1.2000000476837158
              }
            }
          },
          "m_GizmoGeomRID": {
            "type": "ZRuntimeResourceID",
            "value": {
              "resource": "[assembly:/geometry/g2/gizmos.wl2?/gizmo_setpiece_promptpos.prim].pc_prim",
              "flag": "5F"
            }
          },
          "m_eDrawLayer": {
            "type": "ZDebugGizmoEntity.EDrawLayer",
            "value": "DL_ALIGNMENT"
          },
          "m_eidParent": {
            "type": "SEntityTemplateReference",
            "value": "69b82fb0caaa73c8",
            "postInit": true
          }
        }
      },
      "1c5cbce043208573": {
        "parent": "3938064ec4785641",
        "name": "Spatial_Prompt_OneSide_Door_Close",
        "factory": "[modules:/zspatialentity.class].pc_entitytype",
        "blueprint": "[modules:/zspatialentity.class].pc_entityblueprint",
        "properties": {
          "m_mTransform": {
            "type": "SMatrix43",
            "value": {
              "rotation": {
                "x": 0,
                "y": 0,
                "z": 180
              },
              "position": {
                "x": -0.550000011920929,
                "y": -0.20000000298023224,
                "z": 1.2000000476837158
              }
            }
          },
          "m_bForceVisible": {
            "type": "bool",
            "value": false
          },
          "m_bVisible": {
            "type": "bool",
            "value": true
          },
          "m_eidParent": {
            "type": "SEntityTemplateReference",
            "value": "3938064ec4785641",
            "postInit": true
          }
        }
      },
      "7b0635707661a063": {
        "parent": "3938064ec4785641",
        "name": "Spatial_Prompt_OtherSide",
        "factory": "[modules:/zdebuggizmoentity.class].pc_entitytype",
        "blueprint": "[modules:/zdebuggizmoentity.class].pc_entityblueprint",
        "properties": {
          "m_mTransform": {
            "type": "SMatrix43",
            "value": {
              "rotation": {
                "x": 0,
                "y": 0,
                "z": 0
              },
              "position": {
                "x": 0,
                "y": 0.20000000298023224,
                "z": 1.2000000476837158
              }
            }
          },
          "m_GizmoGeomRID": {
            "type": "ZRuntimeResourceID",
            "value": {
              "resource": "[assembly:/geometry/g2/gizmos.wl2?/gizmo_setpiece_promptpos.prim].pc_prim",
              "flag": "5F"
            }
          },
          "m_eDrawLayer": {
            "type": "ZDebugGizmoEntity.EDrawLayer",
            "value": "DL_ALIGNMENT"
          },
          "m_eidParent": {
            "type": "SEntityTemplateReference",
            "value": "69b82fb0caaa73c8",
            "postInit": true
          }
        }
      },
      "13494a7b0493c36a": {
        "parent": "768f16547f6c3038",
        "name": "TrajectoryTrack",
        "factory": "[modules:/ztrajectorytrack.class].pc_entitytype",
        "blueprint": "[modules:/ztrajectorytrack.class].pc_entityblueprint",
        "properties": {
          "m_bRestoreValueAfterEnd": {
            "type": "bool",
            "value": false
          },
          "m_entityGroup": {
            "type": "SEntityTemplateReference",
            "value": "768f16547f6c3038",
            "postInit": true
          },
          "m_aItems": {
            "type": "TArray<SEntityTemplateReference>",
            "value": [
              "2223b369471e8d2"
            ],
            "postInit": true
          }
        }
      },
      "b1356c29930f73c0": {
        "parent": "3938064ec4785641",
        "name": "DebugGizmo03",
        "factory": "[modules:/zdebuggizmoentity.class].pc_entitytype",
        "blueprint": "[modules:/zdebuggizmoentity.class].pc_entityblueprint",
        "properties": {
          "m_mTransform": {
            "type": "SMatrix43",
            "value": {
              "rotation": {
                "x": 0,
                "y": -90,
                "z": 0
              },
              "position": {
                "x": 0,
                "y": 0,
                "z": 1
              }
            }
          },
          "m_GizmoGeomRID": {
            "type": "ZRuntimeResourceID",
            "value": {
              "resource": "[assembly:/geometry/g2/actspecific_gizmos.wl2?/debug_misc_horiz_20x20.prim].pc_prim",
              "flag": "5F"
            }
          },
          "m_eDrawLayer": {
            "type": "ZDebugGizmoEntity.EDrawLayer",
            "value": "DL_ALIGNMENT"
          },
          "m_eidParent": {
            "type": "SEntityTemplateReference",
            "value": "d7668902a47e5582",
            "postInit": true
          }
        }
      },
      "ad3697b58a630ade": {
        "parent": "3938064ec4785641",
        "name": "Spatial_Action_Key_OtherSide",
        "factory": "[modules:/zspatialentity.class].pc_entitytype",
        "blueprint": "[modules:/zspatialentity.class].pc_entityblueprint",
        "properties": {
          "m_mTransform": {
            "type": "SMatrix43",
            "value": {
              "rotation": {
                "x": 0,
                "y": 0,
                "z": 0
              },
              "position": {
                "x": 0.22499999403953552,
                "y": 0.6850000023841858,
                "z": 0
              }
            }
          },
          "m_eidParent": {
            "type": "SEntityTemplateReference",
            "value": "d7668902a47e5582",
            "postInit": true
          }
        }
      },
      "48ee8230da340d7a": {
        "parent": "3938064ec4785641",
        "name": "ItemPlacementTarget01",
        "factory": "[assembly:/_pro/design/gamecore/itemhelpers.template?/itemplacementtarget.entitytemplate].pc_entitytype",
        "blueprint": "[assembly:/_pro/design/gamecore/itemhelpers.template?/itemplacementtarget.entitytemplate].pc_entityblueprint",
        "properties": {
          "m_mTransform": {
            "type": "SMatrix43",
            "value": {
              "rotation": {
                "x": 0,
                "y": 0,
                "z": 0
              },
              "position": {
                "x": -0.000000029802320611338473,
                "y": 0.07000000029802322,
                "z": -0.06999999284744263
              }
            }
          },
          "m_fRadius": {
            "type": "float32",
            "value": 0.6000000238418579
          },
          "m_rEnabledCondition": {
            "type": "SEntityTemplateReference",
            "value": {
              "ref": "efe1e8027df71005",
              "externalScene": null,
              "exposedEntity": "BombPlacementValid"
            },
            "postInit": true
          },
          "m_eidParent": {
            "type": "SEntityTemplateReference",
            "value": "8947270d396b3254",
            "postInit": true
          }
        }
      },
      "d7668902a47e5582": {
        "parent": "3938064ec4785641",
        "name": "Spatial_Action_Key_Center",
        "factory": "[modules:/zspatialentity.class].pc_entitytype",
        "blueprint": "[modules:/zspatialentity.class].pc_entityblueprint",
        "properties": {
          "m_mTransform": {
            "type": "SMatrix43",
            "value": {
              "rotation": {
                "x": 0,
                "y": 0,
                "z": 0
              },
              "position": {
                "x": -0.4000000059604645,
                "y": 0,
                "z": 0
              }
            }
          },
          "m_eidParent": {
            "type": "SEntityTemplateReference",
            "value": "69b82fb0caaa73c8",
            "postInit": true
          }
        }
      },
      "c91c671d06c8509b": {
        "parent": "3938064ec4785641",
        "name": "Spatial_Prompt_OtherSide_Door_Close",
        "factory": "[modules:/zspatialentity.class].pc_entitytype",
        "blueprint": "[modules:/zspatialentity.class].pc_entityblueprint",
        "properties": {
          "m_mTransform": {
            "type": "SMatrix43",
            "value": {
              "rotation": {
                "x": 0,
                "y": 0,
                "z": 0
              },
              "position": {
                "x": -0.550000011920929,
                "y": 0.20000000298023224,
                "z": 1.2000000476837158
              }
            }
          },
          "m_bForceVisible": {
            "type": "bool",
            "value": false
          },
          "m_eidParent": {
            "type": "SEntityTemplateReference",
            "value": "3938064ec4785641",
            "postInit": true
          }
        }
      },
      "85adcef31afefa56": {
        "parent": "3938064ec4785641",
        "name": "GameEventListener",
        "factory": "[modules:/zgameeventlistenerentity.class].pc_entitytype",
        "blueprint": "[modules:/zgameeventlistenerentity.class].pc_entityblueprint",
        "events": {
          "EventOccurred": {
            "SetIndexReparent": [
              {
                "ref": "25552fe9bebe2230",
                "value": {
                  "type": "int32",
                  "value": 1
                }
              },
              {
                "ref": "1519971e1cab6ba8",
                "value": {
                  "type": "int32",
                  "value": 1
                }
              }
            ]
          }
        }
      },
      "23069a81ec80ea91": {
        "parent": "3938064ec4785641",
        "name": "DebugGizmo04",
        "factory": "[modules:/zdebuggizmoentity.class].pc_entitytype",
        "blueprint": "[modules:/zdebuggizmoentity.class].pc_entityblueprint",
        "properties": {
          "m_mTransform": {
            "type": "SMatrix43",
            "value": {
              "rotation": {
                "x": 179.99998474121105,
                "y": -90,
                "z": 0
              },
              "position": {
                "x": 0,
                "y": 0,
                "z": 1
              }
            }
          },
          "m_GizmoGeomRID": {
            "type": "ZRuntimeResourceID",
            "value": {
              "resource": "[assembly:/geometry/g2/actspecific_gizmos.wl2?/debug_misc_horiz_20x20.prim].pc_prim",
              "flag": "5F"
            }
          },
          "m_eidParent": {
            "type": "SEntityTemplateReference",
            "value": "c46f2a81e9cf6fb"
          },
          "m_eDrawLayer": {
            "type": "ZDebugGizmoEntity.EDrawLayer",
            "value": "DL_ALIGNMENT"
          }
        }
      },
      "e2f40ead4dcdcd35": {
        "parent": "3938064ec4785641",
        "name": "DONTUSE_PropertyValue_Float",
        "factory": "[modules:/zhm5propertyvalueentity_float32.class].pc_entitytype",
        "blueprint": "[modules:/zhm5propertyvalueentity_float32.class].pc_entityblueprint",
        "properties": {
          "m_sPropertyName": {
            "type": "ZString",
            "value": "m_fCloseTime"
          },
          "m_Entity": {
            "type": "SEntityTemplateReference",
            "value": "305dfd89eba984f3",
            "postInit": true
          }
        }
      },
      "768f16547f6c3038": {
        "parent": "81cff2101a4a659b",
        "name": "EntityTrack_ DoorGeom",
        "factory": "[modules:/zentitygroup.class].pc_entitytype",
        "blueprint": "[modules:/zentitygroup.class].pc_entityblueprint",
        "properties": {
          "m_targetEntity": {
            "type": "SEntityTemplateReference",
            "value": null
          },
          "m_aTracksAndGroups": {
            "type": "TArray<SEntityTemplateReference>",
            "value": [
              "13494a7b0493c36a"
            ]
          }
        }
      },
      "81cff2101a4a659b": {
        "parent": "3938064ec4785641",
        "name": "DoorExplodeIn",
        "factory": "[modules:/zsequenceentity.class].pc_entitytype",
        "blueprint": "[modules:/zsequenceentity.class].pc_entityblueprint",
        "properties": {
          "m_duration": {
            "type": "ZGameTime",
            "value": {
              "m_nTicks": 251307
            }
          },
          "m_aTracksAndGroups": {
            "type": "TArray<SEntityTemplateReference>",
            "value": [
              "768f16547f6c3038"
            ]
          },
          "m_bPausedOnStart": {
            "type": "bool",
            "value": false
          },
          "m_startTime": {
            "type": "ZGameTime",
            "value": {
              "m_nTicks": 0
            }
          },
          "m_bCanBeInterrupted": {
            "type": "bool",
            "value": false
          },
          "m_targetEntity": {
            "type": "SEntityTemplateReference",
            "value": null
          }
        },
        "propertyAliases": {
          "m_targetEntity": [
            {
              "originalProperty": "m_targetEntity",
              "originalEntity": "768f16547f6c3038"
            }
          ]
        }
      },
      "a6e206a4d3b7c07": {
        "parent": "3938064ec4785641",
        "name": "GameEventListener 1",
        "factory": "[modules:/zgameeventlistenerentity.class].pc_entitytype",
        "blueprint": "[modules:/zgameeventlistenerentity.class].pc_entityblueprint",
        "events": {
          "EventOccurred": {
            "Poll": [
              "23ab62df49e31ae7"
            ]
          }
        }
      },
      "25552fe9bebe2230": {
        "parent": "3938064ec4785641",
        "name": "MultiParentSpatial",
        "factory": "[modules:/zmultiparentspatialentity.class].pc_entitytype",
        "blueprint": "[modules:/zmultiparentspatialentity.class].pc_entityblueprint",
        "properties": {
          "m_mTransform": {
            "type": "SMatrix43",
            "value": {
              "rotation": {
                "x": 0,
                "y": 0,
                "z": 0
              },
              "position": {
                "x": 0,
                "y": 0,
                "z": 0
              }
            }
          },
          "m_aParents": {
            "type": "TArray<SEntityTemplateReference>",
            "value": [
              "1c5cbce043208573",
              "c91c671d06c8509b"
            ]
          },
          "m_eidParent": {
            "type": "SEntityTemplateReference",
            "value": "3938064ec4785641",
            "postInit": true
          }
        }
      },
      "e098048b32e5fe76": {
        "parent": "e65fe3c5e5132541",
        "name": "TrajectoryTrack",
        "factory": "[modules:/ztrajectorytrack.class].pc_entitytype",
        "blueprint": "[modules:/ztrajectorytrack.class].pc_entityblueprint",
        "properties": {
          "m_aItems": {
            "type": "TArray<SEntityTemplateReference>",
            "value": [
              "f610c65492656d40"
            ]
          },
          "m_bRestoreValueAfterEnd": {
            "type": "bool",
            "value": false
          },
          "m_entityGroup": {
            "type": "SEntityTemplateReference",
            "value": "e65fe3c5e5132541",
            "postInit": true
          }
        }
      },
      "d22ff4d3b7df933b": {
        "parent": "3938064ec4785641",
        "name": "DefaultMetricsSenderEntity",
        "factory": "[modules:/zdefaultmetricssenderentity.class].pc_entitytype",
        "blueprint": "[modules:/zdefaultmetricssenderentity.class].pc_entityblueprint",
        "properties": {
          "m_metricName": {
            "type": "ZString",
            "value": "Door_Unlocked"
          },
          "m_sendHeroPosition": {
            "type": "bool",
            "value": true
          },
          "m_sendContractId": {
            "type": "bool",
            "value": true
          },
          "m_sendContractSessionId": {
            "type": "bool",
            "value": true
          },
          "m_sendRoomId": {
            "type": "bool",
            "value": true
          }
        }
      },
      "2223b369471e8d2": {
        "parent": "13494a7b0493c36a",
        "name": "CurveTrajectoryItem",
        "factory": "[modules:/zeulerangletrajectorysource.class].pc_entitytype",
        "blueprint": "[modules:/zeulerangletrajectorysource.class].pc_entityblueprint",
        "properties": {
          "m_startTime": {
            "type": "ZGameTime",
            "value": {
              "m_nTicks": 0
            }
          },
          "m_duration": {
            "type": "ZGameTime",
            "value": {
              "m_nTicks": 251658
            }
          },
          "m_CurveX": {
            "type": "ZCurve",
            "value": {
              "data": [
                [
                  0,
                  0.5150308609008789,
                  -0.000002316069867447368,
                  0.000006062651209504111,
                  -0.0000070844412221049424,
                  0.000004291534423828125,
                  0,
                  0.5150308609008789
                ],
                [
                  0.7857150435447693,
                  0.5150318145751953,
                  0,
                  0,
                  0,
                  0,
                  0,
                  0.5150318145751953
                ],
                [
                  1,
                  0.5150318145751953,
                  0,
                  0,
                  0,
                  0,
                  0,
                  0.5150318145751953
                ]
              ]
            }
          },
          "m_CurveRotX": {
            "type": "ZCurve",
            "value": {
              "data": [
                [
                  0,
                  0,
                  0,
                  0,
                  0,
                  0,
                  0,
                  0
                ],
                [
                  0.7857150435447693,
                  0,
                  0,
                  0,
                  0,
                  0,
                  0,
                  0
                ],
                [
                  1,
                  0,
                  0,
                  0,
                  0,
                  0,
                  0,
                  0
                ]
              ]
            }
          },
          "m_CurveY": {
            "type": "ZCurve",
            "value": {
              "data": [
                [
                  0,
                  0,
                  0,
                  0,
                  0,
                  0,
                  0,
                  0
                ],
                [
                  0.7857150435447693,
                  0,
                  0,
                  0,
                  0,
                  0,
                  0,
                  0
                ],
                [
                  1,
                  0,
                  0,
                  0,
                  0,
                  0,
                  0,
                  0
                ]
              ]
            }
          },
          "m_CurveRotY": {
            "type": "ZCurve",
            "value": {
              "data": [
                [
                  0,
                  0,
                  0,
                  0,
                  0,
                  0,
                  0,
                  0
                ],
                [
                  0.7857150435447693,
                  0,
                  0,
                  0,
                  0,
                  0,
                  0,
                  0
                ],
                [
                  1,
                  0,
                  0,
                  0,
                  0,
                  0,
                  0,
                  0
                ]
              ]
            }
          },
          "m_CurveZ": {
            "type": "ZCurve",
            "value": {
              "data": [
                [
                  0,
                  0.029989000409841537,
                  1.0718134641647339,
                  -1.3579119443893433,
                  0.2860984802246094,
                  0,
                  0,
                  0.029989000409841537
                ],
                [
                  0.7857150435447693,
                  0.029989000409841537,
                  0,
                  0,
                  0,
                  0,
                  0,
                  0.029989000409841537
                ],
                [
                  1,
                  0.029989000409841537,
                  0,
                  0,
                  0,
                  0,
                  0,
                  0.029989000409841537
                ]
              ]
            }
          },
          "m_CurveRotZ": {
            "type": "ZCurve",
            "value": {
              "data": [
                [
                  0,
                  0,
                  -242.85751342773438,
                  635.7150268554688,
                  -742.8575439453125,
                  450,
                  0,
                  0
                ],
                [
                  0.7857150435447693,
                  100,
                  24.285751342773438,
                  -57.85725402832031,
                  62.85725402832031,
                  -39.28575134277344,
                  0,
                  100
                ],
                [
                  1,
                  90,
                  0,
                  0,
                  0,
                  0,
                  0,
                  90
                ]
              ]
            }
          }
        }
      },
      "1519971e1cab6ba8": {
        "parent": "3938064ec4785641",
        "name": "MultiParentSpatial 2",
        "factory": "[modules:/zmultiparentspatialentity.class].pc_entitytype",
        "blueprint": "[modules:/zmultiparentspatialentity.class].pc_entityblueprint",
        "properties": {
          "m_mTransform": {
            "type": "SMatrix43",
            "value": {
              "rotation": {
                "x": 0,
                "y": 0,
                "z": 0
              },
              "position": {
                "x": 0,
                "y": 0,
                "z": 0
              }
            }
          },
          "m_aParents": {
            "type": "TArray<SEntityTemplateReference>",
            "value": [
              "c3ece4945c5deb7",
              "59b6f9b35b7f963c"
            ],
            "postInit": true
          },
          "m_eidParent": {
            "type": "SEntityTemplateReference",
            "value": "3938064ec4785641",
            "postInit": true
          }
        }
      },
      "4b54274b0fde1c58": {
        "parent": "3938064ec4785641",
        "name": "PFObstacle",
        "factory": "[modules:/zpfobstacleentity.class].pc_entitytype",
        "blueprint": "[modules:/zpfobstacleentity.class].pc_entityblueprint",
        "properties": {
          "m_vGlobalSize": {
            "type": "SVector3",
            "value": {
              "x": 2,
              "y": 1,
              "z": 1
            }
          },
          "m_mTransform": {
            "type": "SMatrix43",
            "value": {
              "rotation": {
                "x": 0,
                "y": 0,
                "z": 0
              },
              "position": {
                "x": 0.4000000059604645,
                "y": 0,
                "z": 0
              }
            }
          },
          "m_bEnabled": {
            "type": "bool",
            "value": false
          },
          "m_eidParent": {
            "type": "SEntityTemplateReference",
            "value": "69b82fb0caaa73c8",
            "postInit": true
          }
        }
      },
      "834e1e73a6d5dc3c": {
        "parent": "3938064ec4785641",
        "name": "Sound_DoorInteraction",
        "factory": "000E01E0DD042864",
        "blueprint": "005C4EEBE8740E32",
        "properties": {
          "m_mTransform": {
            "type": "SMatrix43",
            "value": {
              "rotation": {
                "x": 0,
                "y": 0,
                "z": 0
              },
              "position": {
                "x": 0.00041599999531172216,
                "y": 0,
                "z": 1.289823055267334
              }
            }
          },
          "CrowbarOpen": {
            "type": "ZRuntimeResourceID",
            "value": {
              "resource": "[assembly:/sound/wwise/exportedwwisedata/events/props_events/setpieces/access/door_crowbar_wood_break/play_door_crowbar_wood_open_01b.wwiseevent].pc_wwisebank",
              "flag": "5F"
            }
          },
          "m_pMainEvent54": {
            "type": "ZRuntimeResourceID",
            "value": {
              "resource": "[assembly:/sound/wwise/exportedwwisedata/events/props_events/setpieces/access/door_crowbar_wood_break/play_door_crowbar_wood_impact_01a.wwiseevent].pc_wwisebank",
              "flag": "5F"
            }
          },
          "m_pMainEvent12": {
            "type": "ZRuntimeResourceID",
            "value": {
              "resource": "00CEABFFCDF4E325",
              "flag": "5F"
            }
          },
          "m_pMainEvent13": {
            "type": "ZRuntimeResourceID",
            "value": {
              "resource": "[assembly:/sound/wwise/exportedwwisedata/events/props_events/setpieces/access/turn_lock_action/play_door_key_unlock_fast.wwiseevent].pc_wwisebank",
              "flag": "5F"
            }
          },
          "m_fThicknessDestination": {
            "type": "float32",
            "value": 2
          },
          "m_fThicknessSource": {
            "type": "float32",
            "value": 2
          },
          "m_vLocalSize": {
            "type": "SVector2",
            "value": {
              "x": 1.199139952659607,
              "y": 2.550489902496338
            }
          },
          "m_bEnabled": {
            "type": "bool",
            "value": true
          },
          "A_AudioOpenInitial": {
            "type": "ZRuntimeResourceID",
            "value": {
              "resource": "00C4340ECB9D2EB8",
              "flag": "5F"
            }
          },
          "B_AudioOpenMovement": {
            "type": "ZRuntimeResourceID",
            "value": {
              "resource": "008C7F26FA12C1A6",
              "flag": "5F"
            }
          },
          "C_AudioOpenComplete": {
            "type": "ZRuntimeResourceID",
            "value": null
          },
          "A_AudioCloseInitial": {
            "type": "ZRuntimeResourceID",
            "value": null
          },
          "B_AudioCloseMovement": {
            "type": "ZRuntimeResourceID",
            "value": {
              "resource": "002B3FBD161A3774",
              "flag": "5F"
            }
          },
          "C_AudioCloseComplete": {
            "type": "ZRuntimeResourceID",
            "value": {
              "resource": "00EE18B3855E1328",
              "flag": "5F"
            }
          },
          "OverAll_Vol_InteractiveProps_ATT": {
            "type": "float32",
            "value": 0
          },
          "m_fOcclusionFactorOpen": {
            "type": "float32",
            "value": 0
          },
          "m_fOcclusionFactorClosed": {
            "type": "float32",
            "value": 0.949999988079071
          },
          "m_nOcclusionMaxAngleDeg": {
            "type": "uint32",
            "value": 145
          },
          "m_fOcclusionMaxDistance": {
            "type": "float32",
            "value": 15
          },
          "m_fOpenCloseChangeTime": {
            "type": "float32",
            "value": 0.6000000238418579
          },
          "m_mSoundGateTransform": {
            "type": "SMatrix43",
            "value": {
              "rotation": {
                "x": 0,
                "y": 0,
                "z": 0
              },
              "position": {
                "x": 0,
                "y": 0,
                "z": 0
              }
            }
          },
          "m_eidParent": {
            "type": "SEntityTemplateReference",
            "value": "3938064ec4785641",
            "postInit": true
          },
          "m_rDoor": {
            "type": "SEntityTemplateReference",
            "value": "305dfd89eba984f3",
            "postInit": true
          },
          "DoorMoving": {
            "type": "SEntityTemplateReference",
            "value": {
              "ref": "efe1e8027df71005",
              "externalScene": null,
              "exposedEntity": "VB_DoorMoving"
            },
            "postInit": true
          }
        },
        "subsets": {
          "AudioEmitters": [
            "3938064ec4785641"
          ]
        }
      },
      "73e6311a67f06d64": {
        "parent": "3938064ec4785641",
        "name": "PSS_OpenDoorOut",
        "factory": "[modules:/zpinsignalsync.class].pc_entitytype",
        "blueprint": "[modules:/zpinsignalsync.class].pc_entityblueprint",
        "properties": {
          "m_bSendFromHost": {
            "type": "bool",
            "value": true
          },
          "m_bSignalOnClient": {
            "type": "bool",
            "value": true
          },
          "m_bPassthroughOnHost": {
            "type": "bool",
            "value": false
          }
        },
        "events": {
          "Out": {
            "OpenDoorOut": [
              "305dfd89eba984f3"
            ]
          }
        }
      },
      "c17dc23a4f941430": {
        "parent": "3938064ec4785641",
        "name": "ItemPlacementTarget",
        "factory": "[assembly:/_pro/design/gamecore/itemhelpers.template?/itemplacementtarget.entitytemplate].pc_entitytype",
        "blueprint": "[assembly:/_pro/design/gamecore/itemhelpers.template?/itemplacementtarget.entitytemplate].pc_entityblueprint",
        "properties": {
          "m_mTransform": {
            "type": "SMatrix43",
            "value": {
              "rotation": {
                "x": 0,
                "y": 0,
                "z": 179.99998474121105
              },
              "position": {
                "x": -0.000000029802320611338473,
                "y": -0.07000000029802322,
                "z": -0.06999999284744263
              }
            }
          },
          "m_fRadius": {
            "type": "float32",
            "value": 0.6000000238418579
          },
          "m_rEnabledCondition": {
            "type": "SEntityTemplateReference",
            "value": {
              "ref": "efe1e8027df71005",
              "externalScene": null,
              "exposedEntity": "BombPlacementValid"
            },
            "postInit": true
          },
          "m_eidParent": {
            "type": "SEntityTemplateReference",
            "value": "8947270d396b3254",
            "postInit": true
          }
        }
      },
      "c3ece4945c5deb7": {
        "parent": "3938064ec4785641",
        "name": "Spatial_Prompt_OneSide_Door_Close_01",
        "factory": "[modules:/zspatialentity.class].pc_entitytype",
        "blueprint": "[modules:/zspatialentity.class].pc_entityblueprint",
        "properties": {
          "m_mTransform": {
            "type": "SMatrix43",
            "value": {
              "rotation": {
                "x": 0,
                "y": 0,
                "z": 180
              },
              "position": {
                "x": 0.550000011920929,
                "y": -0.20000000298023224,
                "z": 1.2000000476837158
              }
            }
          },
          "m_bForceVisible": {
            "type": "bool",
            "value": false
          },
          "m_bVisible": {
            "type": "bool",
            "value": true
          },
          "m_eidParent": {
            "type": "SEntityTemplateReference",
            "value": "3938064ec4785641",
            "postInit": true
          }
        }
      },
      "69b82fb0caaa73c8": {
        "parent": "3938064ec4785641",
        "name": "SpatialBase",
        "factory": "[modules:/zspatialentity.class].pc_entitytype",
        "blueprint": "[modules:/zspatialentity.class].pc_entityblueprint",
        "properties": {
          "m_mTransform": {
            "type": "SMatrix43",
            "value": {
              "rotation": {
                "x": 0,
                "y": 0,
                "z": 0
              },
              "position": {
                "x": 0,
                "y": 0,
                "z": 0
              }
            }
          },
          "m_eidParent": {
            "type": "SEntityTemplateReference",
            "value": "3938064ec4785641",
            "postInit": true
          }
        }
      },
      "13f21b3cd48e8f2c": {
        "parent": "3938064ec4785641",
        "name": "NormalDoorRotationOrientation",
        "factory": "[assembly:/_pro/design/logic/valuebool.template?/valuebool_basic.entitytemplate].pc_entitytype",
        "blueprint": "[assembly:/_pro/design/logic/valuebool.template?/valuebool_basic.entitytemplate].pc_entityblueprint",
        "properties": {
          "m_bValue": {
            "type": "bool",
            "value": true
          }
        }
      },
      "23ab62df49e31ae7": {
        "parent": "3938064ec4785641",
        "name": "ValueBool_Poll_01",
        "factory": "[assembly:/_pro/design/logic/valuebool.template?/valuebool_poll.entitytemplate].pc_entitytype",
        "blueprint": "[assembly:/_pro/design/logic/valuebool.template?/valuebool_poll.entitytemplate].pc_entityblueprint",
        "properties": {
          "m_rValueEntity": {
            "type": "SEntityTemplateReference",
            "value": "13f21b3cd48e8f2c"
          }
        },
        "events": {
          "PollFalse": {
            "SetIndexReparent": [
              {
                "ref": "34fc5cc7d674d750",
                "value": {
                  "type": "int32",
                  "value": 1
                }
              }
            ]
          },
          "PollTrue": {
            "SetIndexReparent": [
              {
                "ref": "34fc5cc7d674d750",
                "value": {
                  "type": "int32",
                  "value": 0
                }
              }
            ]
          }
        }
      },
      "a47ab5b2e533122b": {
        "parent": "3938064ec4785641",
        "name": "ValueBool_Operation",
        "factory": "[assembly:/_pro/design/logic/valuebool.template?/valuebool_operation.entitytemplate].pc_entitytype",
        "blueprint": "[assembly:/_pro/design/logic/valuebool.template?/valuebool_operation.entitytemplate].pc_entityblueprint",
        "properties": {
          "m_aValues": {
            "type": "TArray<SEntityTemplateReference>",
            "value": [
              {
                "ref": "efe1e8027df71005",
                "externalScene": null,
                "exposedEntity": "VB_DoorBurst"
              },
              {
                "ref": "efe1e8027df71005",
                "externalScene": null,
                "exposedEntity": "VB_Locked"
              }
            ],
            "postInit": true
          }
        },
        "events": {
          "OnTrue": {
            "Signal": [
              "26e74680261ad909"
            ]
          }
        }
      },
      "ee05e351b3c1dcf9": {
        "parent": "3938064ec4785641",
        "name": "SignalPipe_Void",
        "factory": "[modules:/zsignalpipeentity_void.class].pc_entitytype",
        "blueprint": "[modules:/zsignalpipeentity_void.class].pc_entityblueprint",
        "events": {
          "Out": {
            "Send": [
              "d22ff4d3b7df933b"
            ],
            "Trigger": [
              "3c7b1d5aa2b29bd1"
            ]
          }
        }
      },
      "8f053c1820892953": {
        "parent": "3938064ec4785641",
        "name": "VB_UnlockIfOpened",
        "factory": "[assembly:/_pro/design/logic/valuebool.template?/valuebool.entitytemplate].pc_entitytype",
        "blueprint": "[assembly:/_pro/design/logic/valuebool.template?/valuebool.entitytemplate].pc_entityblueprint",
        "properties": {
          "m_bValue": {
            "type": "bool",
            "value": false
          }
        }
      },
      "3459744915fd220d": {
        "parent": "3938064ec4785641",
        "name": "VBP_UnlockIfOpened",
        "factory": "[assembly:/_pro/design/logic/valuebool.template?/valuebool_poll.entitytemplate].pc_entitytype",
        "blueprint": "[assembly:/_pro/design/logic/valuebool.template?/valuebool_poll.entitytemplate].pc_entityblueprint",
        "properties": {
          "m_rValueEntity": {
            "type": "SEntityTemplateReference",
            "value": "8f053c1820892953"
          }
        },
        "events": {
          "PollTrue": {
            "UnlockDoor": [
              "305dfd89eba984f3"
            ]
          }
        }
      },
      "990615ce3c9d813": {
        "parent": "3938064ec4785641",
        "name": "PSS_OpenDoorIn",
        "factory": "[modules:/zpinsignalsync.class].pc_entitytype",
        "blueprint": "[modules:/zpinsignalsync.class].pc_entityblueprint",
        "properties": {
          "m_bSendFromHost": {
            "type": "bool",
            "value": true
          },
          "m_bSignalOnClient": {
            "type": "bool",
            "value": true
          },
          "m_bPassthroughOnHost": {
            "type": "bool",
            "value": false
          }
        },
        "events": {
          "Out": {
            "OpenDoorIn": [
              "305dfd89eba984f3"
            ]
          }
        }
      },
      "8947270d396b3254": {
        "parent": "3938064ec4785641",
        "name": "Interaction_Point",
        "factory": "[modules:/zdebuggizmoentity.class].pc_entitytype",
        "blueprint": "[modules:/zdebuggizmoentity.class].pc_entityblueprint",
        "properties": {
          "m_mTransform": {
            "type": "SMatrix43",
            "value": {
              "rotation": {
                "x": 0,
                "y": 0,
                "z": 0
              },
              "position": {
                "x": -0.000000029802320611338473,
                "y": 0,
                "z": 0.8999999761581421
              }
            }
          },
          "m_GizmoGeomRID": {
            "type": "ZRuntimeResourceID",
            "value": {
              "resource": "[assembly:/geometry/g2/actspecific_gizmos.wl2?/debug_misc_square_4x4x4.prim].pc_prim",
              "flag": "5F"
            }
          },
          "m_eidParent": {
            "type": "SEntityTemplateReference",
            "value": "69b82fb0caaa73c8"
          },
          "m_eDrawLayer": {
            "type": "ZDebugGizmoEntity.EDrawLayer",
            "value": "DL_ALIGNMENT"
          }
        }
      },
      "e65fe3c5e5132541": {
        "parent": "e429d84c32a58db6",
        "name": "EntityTrack_ DoorGeom",
        "factory": "[modules:/zentitygroup.class].pc_entitytype",
        "blueprint": "[modules:/zentitygroup.class].pc_entityblueprint",
        "properties": {
          "m_targetEntity": {
            "type": "SEntityTemplateReference",
            "value": null
          },
          "m_aTracksAndGroups": {
            "type": "TArray<SEntityTemplateReference>",
            "value": [
              "e098048b32e5fe76"
            ]
          }
        }
      },
      "e429d84c32a58db6": {
        "parent": "3938064ec4785641",
        "name": "DoorExplodeOut",
        "factory": "[modules:/zsequenceentity.class].pc_entitytype",
        "blueprint": "[modules:/zsequenceentity.class].pc_entityblueprint",
        "properties": {
          "m_duration": {
            "type": "ZGameTime",
            "value": {
              "m_nTicks": 251307
            }
          },
          "m_aTracksAndGroups": {
            "type": "TArray<SEntityTemplateReference>",
            "value": [
              "e65fe3c5e5132541"
            ]
          },
          "m_bPausedOnStart": {
            "type": "bool",
            "value": false
          },
          "m_startTime": {
            "type": "ZGameTime",
            "value": {
              "m_nTicks": 0
            }
          },
          "m_bCanBeInterrupted": {
            "type": "bool",
            "value": false
          },
          "m_targetEntity": {
            "type": "SEntityTemplateReference",
            "value": null
          }
        },
        "propertyAliases": {
          "m_targetEntity": [
            {
              "originalProperty": "m_targetEntity",
              "originalEntity": "e65fe3c5e5132541"
            }
          ]
        }
      },
      "3deeddd67958adb6": {
        "parent": "3938064ec4785641",
        "name": "ValueFloat_Get",
        "factory": "[assembly:/_pro/design/logic/valuefloat.template?/valuefloat_get.entitytemplate].pc_entitytype",
        "blueprint": "[assembly:/_pro/design/logic/valuefloat.template?/valuefloat_get.entitytemplate].pc_entityblueprint",
        "properties": {
          "m_fValue": {
            "type": "float32",
            "value": 5
          }
        },
        "events": {
          "Value": {
            "Set": [
              "e2f40ead4dcdcd35"
            ]
          }
        }
      },
      "59b6f9b35b7f963c": {
        "parent": "3938064ec4785641",
        "name": "Spatial_Prompt_OtherSide_Door_Close_01",
        "factory": "[modules:/zspatialentity.class].pc_entitytype",
        "blueprint": "[modules:/zspatialentity.class].pc_entityblueprint",
        "properties": {
          "m_mTransform": {
            "type": "SMatrix43",
            "value": {
              "rotation": {
                "x": 0,
                "y": 0,
                "z": 0
              },
              "position": {
                "x": 0.550000011920929,
                "y": 0.20000000298023224,
                "z": 1.2000000476837158
              }
            }
          },
          "m_bForceVisible": {
            "type": "bool",
            "value": false
          },
          "m_eidParent": {
            "type": "SEntityTemplateReference",
            "value": "3938064ec4785641",
            "postInit": true
          }
        }
      },
      "7f85b5d9ecca76fd": {
        "parent": "3938064ec4785641",
        "name": "DebugGizmo07",
        "factory": "[modules:/zdebuggizmoentity.class].pc_entitytype",
        "blueprint": "[modules:/zdebuggizmoentity.class].pc_entityblueprint",
        "properties": {
          "m_mTransform": {
            "type": "SMatrix43",
            "value": {
              "rotation": {
                "x": 0,
                "y": 0,
                "z": 0
              },
              "position": {
                "x": 0,
                "y": 0,
                "z": 0
              }
            }
          },
          "m_GizmoGeomRID": {
            "type": "ZRuntimeResourceID",
            "value": {
              "resource": "[assembly:/geometry/g2/gizmos.wl2?/gizmo_setpiece_promptpos.prim].pc_prim",
              "flag": "5F"
            }
          },
          "m_eDrawLayer": {
            "type": "ZDebugGizmoEntity.EDrawLayer",
            "value": "DL_ALIGNMENT"
          },
          "m_eidParent": {
            "type": "SEntityTemplateReference",
            "value": "34fc5cc7d674d750",
            "postInit": true
          }
        }
      },
      "3c7b1d5aa2b29bd1": {
        "parent": "3938064ec4785641",
        "name": "ContractsEvent",
        "factory": "[modules:/zcontractsevententity.class].pc_entitytype",
        "blueprint": "[modules:/zcontractsevententity.class].pc_entityblueprint",
        "properties": {
          "m_sName": {
            "type": "ZString",
            "value": "Door_Unlocked"
          }
        }
      },
      "34fc5cc7d674d750": {
        "parent": "3938064ec4785641",
        "name": "MultiParentSpatial 3",
        "factory": "[modules:/zmultiparentspatialentity.class].pc_entitytype",
        "blueprint": "[modules:/zmultiparentspatialentity.class].pc_entityblueprint",
        "properties": {
          "m_mTransform": {
            "type": "SMatrix43",
            "value": {
              "rotation": {
                "x": 0,
                "y": 0,
                "z": 0
              },
              "position": {
                "x": 0,
                "y": 0,
                "z": 0
              }
            }
          },
          "m_aParents": {
            "type": "TArray<SEntityTemplateReference>",
            "value": [
              "25552fe9bebe2230",
              "1519971e1cab6ba8"
            ]
          },
          "m_eidParent": {
            "type": "SEntityTemplateReference",
            "value": "3938064ec4785641",
            "postInit": true
          }
        }
      },
      "efe1e8027df71005": {
        "parent": "3938064ec4785641",
        "name": "Access_Helper_DoorLogic",
        "factory": "[assembly:/_pro/design/gamecore/accesshelpers.template?/access_helper_doorlogic.entitytemplate].pc_entitytype",
        "blueprint": "[assembly:/_pro/design/gamecore/accesshelpers.template?/access_helper_doorlogic.entitytemplate].pc_entityblueprint",
        "properties": {
          "CrowbarLeftAnim": {
            "type": "ZRuntimeResourceID",
            "value": {
              "resource": "[assembly:/animationnetworks/hitman01/tampering/hm_interact_crowbar_90cm_left.aln].pc_rtn",
              "flag": "9F"
            }
          },
          "CrowbarRightAnim": {
            "type": "ZRuntimeResourceID",
            "value": {
              "resource": "[assembly:/animationnetworks/hitman01/tampering/hm_interact_crowbar_90cm_right.aln].pc_rtn",
              "flag": "9F"
            }
          },
          "RequireActivation": {
            "type": "bool",
            "value": false
          },
          "m_bManualClose": {
            "type": "bool",
            "value": true
          },
          "m_bIsLocked": {
            "type": "bool",
            "value": false
          },
          "m_bPathfindingObstacleEnabled": {
            "type": "bool",
            "value": false
          },
          "Reinforced": {
            "type": "bool",
            "value": false
          },
          "m_bAutoClose": {
            "type": "bool",
            "value": true
          },
          "m_aUIHighlightGeom": {
            "type": "TArray<SEntityTemplateReference>",
            "value": []
          },
          "m_fOverrideInteractionRangeValue_CloseDoor": {
            "type": "float32",
            "value": 1.7999999523162842
          },
          "m_bValueOpenFromInside": {
            "type": "bool",
            "value": false
          },
          "m_bValueOpenFromOutside": {
            "type": "bool",
            "value": false
          },
          "m_bEnabled": {
            "type": "bool",
            "value": true
          },
          "m_rPromptDescriptionTextResource": {
            "type": "ZRuntimeResourceID",
            "value": {
              "resource": "00CB7F0EA5AB6018",
              "flag": "5F"
            }
          },
          "IsSlidingDoor": {
            "type": "bool",
            "value": false
          },
          "PermanentUnlocked": {
            "type": "TArray<SEntityTemplateReference>",
            "value": []
          },
          "m_Object": {
            "type": "SEntityTemplateReference",
            "value": "305dfd89eba984f3",
            "postInit": true
          },
          "HeroPositions_UseKey": {
            "type": "TArray<SEntityTemplateReference>",
            "value": [
              "ad3697b58a630ade",
              "93ffda221987b5b4"
            ],
            "postInit": true
          },
          "HeroPositions_UseCrowbar": {
            "type": "TArray<SEntityTemplateReference>",
            "value": [
              "51e37b876741e02e",
              "e3a920f6013a8a1"
            ],
            "postInit": true
          },
          "m_aPromptPositions": {
            "type": "TArray<SEntityTemplateReference>",
            "value": [
              "7b0635707661a063",
              "faef2d7663fcbbc0"
            ],
            "postInit": true
          },
          "closeprompts": {
            "type": "TArray<SEntityTemplateReference>",
            "value": [
              "d1fbe05f15916a9c"
            ],
            "postInit": true
          },
          "m_aPromptPositionsCloseOuter": {
            "type": "TArray<SEntityTemplateReference>",
            "value": [
              "7f85b5d9ecca76fd"
            ],
            "postInit": true
          },
          "ShotVolumeIntersection": {
            "type": "SEntityTemplateReference",
            "value": "b1356c29930f73c0",
            "postInit": true
          },
          "m_eidParent": {
            "type": "SEntityTemplateReference",
            "value": "3938064ec4785641",
            "postInit": true
          }
        },
        "events": {
          "KeyCompleted": {
            "UnlockDoor": [
              "305dfd89eba984f3"
            ],
            "Signal": [
              "26e74680261ad909"
            ]
          },
          "LockpickCompleted": {
            "UnlockDoor": [
              "305dfd89eba984f3"
            ],
            "Signal": [
              "26e74680261ad909"
            ],
            "LockpickCompleted": [
              "834e1e73a6d5dc3c"
            ]
          },
          "OnActivate": {
            "BurstOpen": [
              "305dfd89eba984f3"
            ]
          },
          "PfObstacleEnabled": {
            "SetEnabled": [
              "4b54274b0fde1c58"
            ]
          },
          "Is_UseKey_eSoundEvent02": {
            "Send1": [
              "834e1e73a6d5dc3c"
            ]
          },
          "Is_UseLockpick_eSoundEvent02": {
            "Send2": [
              "834e1e73a6d5dc3c"
            ]
          },
          "Is_Usecrowbar_eSoundEvent03": {
            "Send4": [
              "834e1e73a6d5dc3c"
            ]
          },
          "CrowbarCompleted": {
            "Signal": [
              "26e74680261ad909"
            ],
            "BurstOpen": [
              "305dfd89eba984f3"
            ]
          }
        },
        "outputCopying": {
          "LockDoor": {
            "LockDoor": [
              "3938064ec4785641"
            ]
          },
          "UnlockDoor": {
            "UnlockDoor": [
              "3938064ec4785641"
            ]
          },
          "CrowbarCompleted": {
            "CrowbarCompleted": [
              "3938064ec4785641"
            ]
          },
          "OnActivateHit": {
            "OnActivateHit": [
              "3938064ec4785641"
            ]
          },
          "LockpickCompleted": {
            "LockpickCompleted": [
              "3938064ec4785641"
            ]
          },
          "KeyCompleted": {
            "KeyCompleted": [
              "3938064ec4785641"
            ]
          },
          "OnActivate": {
            "OnActivate": [
              "3938064ec4785641"
            ]
          },
          "StartedCrowbar": {
            "StartedCrowbar": [
              "3938064ec4785641"
            ]
          },
          "StartedLockPick": {
            "StartedLockPick": [
              "3938064ec4785641"
            ]
          }
        },
        "subsets": {
          "AudioEmitters": [
            "3938064ec4785641"
          ]
        }
      },
      "305dfd89eba984f3": {
        "parent": "3938064ec4785641",
        "name": "HM5SingleDoor2",
        "factory": "[modules:/zhm5singledoor2.class].pc_entitytype",
        "blueprint": "[modules:/zhm5singledoor2.class].pc_entityblueprint",
        "properties": {
          "m_rDoorOpen": {
            "type": "SEntityTemplateReference",
            "value": {
              "ref": "efe1e8027df71005",
              "externalScene": null,
              "exposedEntity": "VB_Open"
            }
          },
          "m_rDoorLocked": {
            "type": "SEntityTemplateReference",
            "value": {
              "ref": "efe1e8027df71005",
              "externalScene": null,
              "exposedEntity": "VB_Locked"
            }
          },
          "m_rDoorBroken": {
            "type": "SEntityTemplateReference",
            "value": {
              "ref": "efe1e8027df71005",
              "externalScene": null,
              "exposedEntity": "VB_DoorBroken"
            }
          },
          "m_rDoorBurst": {
            "type": "SEntityTemplateReference",
            "value": {
              "ref": "efe1e8027df71005",
              "externalScene": null,
              "exposedEntity": "VB_DoorBurst"
            }
          },
          "m_rDoorMoving": {
            "type": "SEntityTemplateReference",
            "value": {
              "ref": "efe1e8027df71005",
              "externalScene": null,
              "exposedEntity": "VB_DoorMoving"
            }
          },
          "m_rManualClose": {
            "type": "SEntityTemplateReference",
            "value": {
              "ref": "efe1e8027df71005",
              "externalScene": null,
              "exposedEntity": "Bool_ManualCloseMode"
            }
          },
          "m_rAutoClose": {
            "type": "SEntityTemplateReference",
            "value": {
              "ref": "efe1e8027df71005",
              "externalScene": null,
              "exposedEntity": "Bool_AutoCloseMode"
            }
          },
          "m_rDoorUnobstructed": {
            "type": "SEntityTemplateReference",
            "value": {
              "ref": "efe1e8027df71005",
              "externalScene": null,
              "exposedEntity": "VB_DoorUnobstructed"
            }
          },
          "m_rDoorSoundEmitter": {
            "type": "SEntityTemplateReference",
            "value": {
              "ref": "834e1e73a6d5dc3c",
              "externalScene": null,
              "exposedEntity": "Sound_DoorInteraction_3DAE"
            }
          },
          "m_rDoorStuck": {
            "type": "SEntityTemplateReference",
            "value": {
              "ref": "efe1e8027df71005",
              "externalScene": null,
              "exposedEntity": "VB_DoorStuck"
            }
          },
          "m_rDoorExploded": {
            "type": "SEntityTemplateReference",
            "value": {
              "ref": "efe1e8027df71005",
              "externalScene": null,
              "exposedEntity": "VB_DoorExploded"
            }
          },
          "m_rSequenceEntityExplodeIn": {
            "type": "SEntityTemplateReference",
            "value": "81cff2101a4a659b"
          },
          "m_rSequenceEntityExplodeOut": {
            "type": "SEntityTemplateReference",
            "value": "e429d84c32a58db6"
          },
          "m_rDoorOpenFromInside": {
            "type": "SEntityTemplateReference",
            "value": {
              "ref": "efe1e8027df71005",
              "externalScene": null,
              "exposedEntity": "VB_OpenFromInside"
            }
          },
          "m_rDoorOpenFromOutside": {
            "type": "SEntityTemplateReference",
            "value": {
              "ref": "efe1e8027df71005",
              "externalScene": null,
              "exposedEntity": "VB_OpenFromOutside"
            }
          },
          "m_rRequiresActivation": {
            "type": "SEntityTemplateReference",
            "value": {
              "ref": "efe1e8027df71005",
              "externalScene": null,
              "exposedEntity": "Bool_IsActivatable"
            }
          },
          "m_rEnabled": {
            "type": "SEntityTemplateReference",
            "value": {
              "ref": "efe1e8027df71005",
              "externalScene": null,
              "exposedEntity": "VB_Enabled"
            }
          },
          "m_rDoorFrame1": {
            "type": "SEntityTemplateReference",
            "value": null
          },
          "m_rGateEntity": {
            "type": "SEntityTemplateReference",
            "value": null
          },
          "m_InitialState": {
            "type": "IHM5Door.EInitialState",
            "value": "IS_CLOSED"
          },
          "m_OpenDir": {
            "type": "IHM5Door.EOpenDir",
            "value": "OD_AWAY"
          },
          "m_fRotAngle": {
            "type": "float32",
            "value": 90
          },
          "m_OpenMode": {
            "type": "IHM5Door.EOpenMode",
            "value": "OM_TWO_WAY"
          },
          "m_fCloseTime": {
            "type": "float32",
            "value": 5
          },
          "m_bNPCUseEnable": {
            "type": "bool",
            "value": true
          },
          "m_rSequenceEntity": {
            "type": "SEntityTemplateReference",
            "value": null
          },
          "m_fAISoundModifierValue": {
            "type": "float32",
            "value": 30
          },
          "m_bNeverCloseGate": {
            "type": "bool",
            "value": false
          },
          "m_bIgnoreCovers": {
            "type": "bool",
            "value": false
          },
          "m_eidParent": {
            "type": "SEntityTemplateReference",
            "value": "3938064ec4785641",
            "postInit": true
          }
        },
        "events": {
          "DoorOpen": {
            "Poll": [
              "3459744915fd220d"
            ]
          },
          "DoorOpenByAny": {
            "DisableObstacle": [
              "efe1e8027df71005"
            ],
            "SetTrue": [
              "834e1e73a6d5dc3c"
            ]
          },
          "DoorOpenByAnyIn": {
            "In": [
              "990615ce3c9d813"
            ],
            "SetIndexReparent": [
              {
                "ref": "25552fe9bebe2230",
                "value": {
                  "type": "int32",
                  "value": 1
                }
              },
              {
                "ref": "1519971e1cab6ba8",
                "value": {
                  "type": "int32",
                  "value": 0
                }
              }
            ]
          },
          "DoorOpenByAnyOut": {
            "In": [
              "73e6311a67f06d64"
            ],
            "SetIndexReparent": [
              {
                "ref": "25552fe9bebe2230",
                "value": {
                  "type": "int32",
                  "value": 0
                }
              },
              {
                "ref": "1519971e1cab6ba8",
                "value": {
                  "type": "int32",
                  "value": 1
                }
              }
            ]
          },
          "DoorOpenByHitmanFirst": {
            "OpenedByHitmanFirst": [
              "834e1e73a6d5dc3c"
            ]
          },
          "DoorClosed": {
            "Get": [
              "3deeddd67958adb6"
            ]
          },
          "DoorCloseByAny": {
            "SetTrue1": [
              "834e1e73a6d5dc3c"
            ]
          },
          "DoorClose": {
            "Set": [
              {
                "ref": "e2f40ead4dcdcd35",
                "value": {
                  "type": "float32",
                  "value": 0
                }
              }
            ]
          }
        },
        "outputCopying": {
          "DoorOpen": {
            "DoorOpen": [
              "3938064ec4785641"
            ]
          },
          "DoorClose": {
            "DoorClose": [
              "3938064ec4785641"
            ]
          },
          "DoorOpenByHitmanFirst": {
            "DoorOpenByHitmanFirst": [
              "3938064ec4785641"
            ]
          },
          "DoorCloseByHitmanFirst": {
            "DoorCloseByHitmanFirst": [
              "3938064ec4785641"
            ]
          },
          "DoorOpenByAny": {
            "DoorOpenByAny": [
              "3938064ec4785641"
            ]
          },
          "DoorCloseByAny": {
            "DoorCloseByAny": [
              "3938064ec4785641"
            ]
          }
        }
      },
      "3938064ec4785641": {
        "parent": null,
        "name": "Access_Helper_SingleDoor",
        "factory": "[modules:/zcompositeentity.class].pc_entitytype",
        "blueprint": "[modules:/zcompositeentity.class].pc_entityblueprint",
        "properties": {
          "m_bIsLocked": {
            "type": "bool",
            "value": false
          },
          "m_mTransform": {
            "type": "SMatrix43",
            "value": {
              "rotation": {
                "x": 0,
                "y": 0,
                "z": 0
              },
              "position": {
                "x": 0.557528018951416,
                "y": -1.669152021408081,
                "z": 0
              }
            }
          },
          "m_fOverrideInteractionRangeValue_CloseDoor": {
            "type": "float32",
            "value": 1.7999999523162842
          },
          "m_bValueOpenFromInside": {
            "type": "bool",
            "value": false
          },
          "m_fThicknessDestination": {
            "type": "float32",
            "value": 2
          },
          "m_fThicknessSource": {
            "type": "float32",
            "value": 2
          },
          "m_vLocalSize": {
            "type": "SVector2",
            "value": {
              "x": 1.199139952659607,
              "y": 2.550489902496338
            }
          },
          "m_bEnabled": {
            "type": "bool",
            "value": true
          }
        },
        "inputCopying": {
          "LockDoor": {
            "LockDoor": [
              "305dfd89eba984f3"
            ]
          },
          "UnlockDoor": {
            "UnlockDoor": [
              "305dfd89eba984f3"
            ]
          },
          "OpenDoorIn": {
            "OpenDoorIn": [
              "305dfd89eba984f3"
            ]
          },
          "OpenDoorOut": {
            "OpenDoorOut": [
              "305dfd89eba984f3"
            ]
          },
          "CloseDoor": {
            "CloseDoor": [
              "305dfd89eba984f3"
            ]
          },
          "BreakDoor": {
            "DoorBroken": [
              "305dfd89eba984f3"
            ]
          },
          "EnableObstacle": {
            "EnableObstacle": [
              "efe1e8027df71005"
            ]
          },
          "DisableObstacle": {
            "DisableObstacle": [
              "efe1e8027df71005"
            ]
          },
          "ForceActionXP": {
            "Signal": [
              "26e74680261ad909"
            ]
          },
          "SetOccClosed": {
            "SetOccClosed": [
              "834e1e73a6d5dc3c"
            ]
          }
        },
        "propertyAliases": {
          "AISoundEventSpatial": [
            {
              "originalProperty": "AISoundEventSpatial",
              "originalEntity": "efe1e8027df71005"
            }
          ],
          "RequireActivation": [
            {
              "originalProperty": "RequireActivation",
              "originalEntity": "efe1e8027df71005"
            }
          ],
          "m_bManualClose": [
            {
              "originalProperty": "m_bManualClose",
              "originalEntity": "efe1e8027df71005"
            }
          ],
          "m_bIsLocked": [
            {
              "originalProperty": "m_bIsLocked",
              "originalEntity": "efe1e8027df71005"
            }
          ],
          "m_rDoorFrame1": [
            {
              "originalProperty": "m_rDoorFrame1",
              "originalEntity": "305dfd89eba984f3"
            },
            {
              "originalProperty": "m_targetEntity",
              "originalEntity": "81cff2101a4a659b"
            },
            {
              "originalProperty": "m_targetEntity",
              "originalEntity": "e429d84c32a58db6"
            },
            {
              "originalProperty": "m_eidParent",
              "originalEntity": "1c5cbce043208573"
            },
            {
              "originalProperty": "m_eidParent",
              "originalEntity": "c91c671d06c8509b"
            },
            {
              "originalProperty": "m_eidParent",
              "originalEntity": "c3ece4945c5deb7"
            },
            {
              "originalProperty": "m_eidParent",
              "originalEntity": "59b6f9b35b7f963c"
            }
          ],
          "m_pDoorAnimator": [
            {
              "originalProperty": "m_pDoorAnimator",
              "originalEntity": "305dfd89eba984f3"
            }
          ],
          "m_rPickLockMatPos": [
            {
              "originalProperty": "m_rPickLockMatPos",
              "originalEntity": "305dfd89eba984f3"
            }
          ],
          "m_rGateEntity": [
            {
              "originalProperty": "m_rGateEntity",
              "originalEntity": "305dfd89eba984f3"
            }
          ],
          "m_pConditionCanUnlock": [
            {
              "originalProperty": "m_pConditionCanUnlock",
              "originalEntity": "305dfd89eba984f3"
            }
          ],
          "m_bPathfindingObstacleEnabled": [
            {
              "originalProperty": "m_bPathfindingObstacleEnabled",
              "originalEntity": "efe1e8027df71005"
            },
            {
              "originalProperty": "m_bEnabled",
              "originalEntity": "4b54274b0fde1c58"
            }
          ],
          "Reinforced": [
            {
              "originalProperty": "Reinforced",
              "originalEntity": "efe1e8027df71005"
            }
          ],
          "m_InitialState": [
            {
              "originalProperty": "m_InitialState",
              "originalEntity": "305dfd89eba984f3"
            }
          ],
          "m_CloseMode": [
            {
              "originalProperty": "m_CloseMode",
              "originalEntity": "305dfd89eba984f3"
            }
          ],
          "m_OpenDir": [
            {
              "originalProperty": "m_OpenDir",
              "originalEntity": "305dfd89eba984f3"
            }
          ],
          "m_fRotAngle": [
            {
              "originalProperty": "m_fRotAngle",
              "originalEntity": "305dfd89eba984f3"
            }
          ],
          "m_OpenMode": [
            {
              "originalProperty": "m_OpenMode",
              "originalEntity": "305dfd89eba984f3"
            }
          ],
          "m_fCloseTime": [
            {
              "originalProperty": "m_fCloseTime",
              "originalEntity": "305dfd89eba984f3"
            },
            {
              "originalProperty": "m_fValue",
              "originalEntity": "3deeddd67958adb6"
            }
          ],
          "m_bNPCUseEnable": [
            {
              "originalProperty": "m_bNPCUseEnable",
              "originalEntity": "305dfd89eba984f3"
            }
          ],
          "m_bAutoClose": [
            {
              "originalProperty": "m_bAutoClose",
              "originalEntity": "efe1e8027df71005"
            }
          ],
          "m_rSequenceEntity": [
            {
              "originalProperty": "m_rSequenceEntity",
              "originalEntity": "305dfd89eba984f3"
            }
          ],
          "SFX_OpenEvent": [
            {
              "originalProperty": "SFX_OpenEvent",
              "originalEntity": "efe1e8027df71005"
            }
          ],
          "SFX_CloseEvent": [
            {
              "originalProperty": "SFX_CloseEvent",
              "originalEntity": "efe1e8027df71005"
            }
          ],
          "RTPC_Door_InitialClose": [
            {
              "originalProperty": "RTPC_Door_InitialClose",
              "originalEntity": "834e1e73a6d5dc3c"
            }
          ],
          "m_pMainEvent13": [
            {
              "originalProperty": "m_pMainEvent13",
              "originalEntity": "834e1e73a6d5dc3c"
            }
          ],
          "m_pMainEvent11": [
            {
              "originalProperty": "m_pMainEvent11",
              "originalEntity": "834e1e73a6d5dc3c"
            }
          ],
          "RTPC_Door_SlamVolume": [
            {
              "originalProperty": "RTPC_Door_SlamVolume",
              "originalEntity": "834e1e73a6d5dc3c"
            }
          ],
          "RTPC_Door_SqueakVolume_Open": [
            {
              "originalProperty": "RTPC_Door_SqueakVolume_Open",
              "originalEntity": "834e1e73a6d5dc3c"
            }
          ],
          "m_pMainEvent54": [
            {
              "originalProperty": "m_pMainEvent54",
              "originalEntity": "834e1e73a6d5dc3c"
            }
          ],
          "RTPC_Door_SlamVolume_Stealth": [
            {
              "originalProperty": "RTPC_Door_SlamVolume_Stealth",
              "originalEntity": "834e1e73a6d5dc3c"
            }
          ],
          "m_pMainEvent12": [
            {
              "originalProperty": "m_pMainEvent12",
              "originalEntity": "834e1e73a6d5dc3c"
            }
          ],
          "m_UIHighlightGeom": [
            {
              "originalProperty": "m_UIHighlightGeom",
              "originalEntity": "efe1e8027df71005"
            }
          ],
          "m_aUIHighlightGeom": [
            {
              "originalProperty": "m_aUIHighlightGeom",
              "originalEntity": "efe1e8027df71005"
            }
          ],
          "m_fOverrideInteractionRangeValue_CloseDoor": [
            {
              "originalProperty": "m_fOverrideInteractionRangeValue_CloseDoor",
              "originalEntity": "efe1e8027df71005"
            }
          ],
          "m_bActionHasValidDisguise": [
            {
              "originalProperty": "m_bActionHasValidDisguise",
              "originalEntity": "efe1e8027df71005"
            }
          ],
          "m_bValueOpenFromInside": [
            {
              "originalProperty": "m_bValueOpenFromInside",
              "originalEntity": "efe1e8027df71005"
            }
          ],
          "m_bValueOpenFromOutside": [
            {
              "originalProperty": "m_bValueOpenFromOutside",
              "originalEntity": "efe1e8027df71005"
            }
          ],
          "m_bValueUnlockIfOpened": [
            {
              "originalProperty": "m_bValue",
              "originalEntity": "8f053c1820892953"
            }
          ],
          "RTPC_Door_SqueakVolume_Close_Stealth": [
            {
              "originalProperty": "RTPC_Door_SqueakVolume_Close_Stealth",
              "originalEntity": "834e1e73a6d5dc3c"
            }
          ],
          "RTPC_Door_InitialOpen": [
            {
              "originalProperty": "RTPC_Door_InitialOpen",
              "originalEntity": "834e1e73a6d5dc3c"
            }
          ],
          "m_fAISoundModifierValue": [
            {
              "originalProperty": "m_fAISoundModifierValue",
              "originalEntity": "305dfd89eba984f3"
            }
          ],
          "m_bEnabled": [
            {
              "originalProperty": "m_bEnabled",
              "originalEntity": "efe1e8027df71005"
            },
            {
              "originalProperty": "m_bEnabled",
              "originalEntity": "834e1e73a6d5dc3c"
            }
          ],
          "m_rPromptDescriptionTextResource": [
            {
              "originalProperty": "m_rPromptDescriptionTextResource",
              "originalEntity": "efe1e8027df71005"
            }
          ],
          "m_bNeverCloseGate": [
            {
              "originalProperty": "m_bNeverCloseGate",
              "originalEntity": "305dfd89eba984f3"
            }
          ],
          "RTPC_Door_InitialOpen_Stealth": [
            {
              "originalProperty": "RTPC_Door_InitialOpen_Stealth",
              "originalEntity": "834e1e73a6d5dc3c"
            }
          ],
          "RTPC_Door_SqueakVolume_Close": [
            {
              "originalProperty": "RTPC_Door_SqueakVolume_Close",
              "originalEntity": "834e1e73a6d5dc3c"
            }
          ],
          "RTPC_Door_InitialClose_Stealth": [
            {
              "originalProperty": "RTPC_Door_InitialClose_Stealth",
              "originalEntity": "834e1e73a6d5dc3c"
            }
          ],
          "CrowbarOpen": [
            {
              "originalProperty": "CrowbarOpen",
              "originalEntity": "834e1e73a6d5dc3c"
            }
          ],
          "m_bIgnoreCovers": [
            {
              "originalProperty": "m_bIgnoreCovers",
              "originalEntity": "305dfd89eba984f3"
            },
            {
              "originalProperty": "IsSlidingDoor",
              "originalEntity": "efe1e8027df71005"
            }
          ],
          "RTPC_Door_SqueakVolume_Open_Stealth": [
            {
              "originalProperty": "RTPC_Door_SqueakVolume_Open_Stealth",
              "originalEntity": "834e1e73a6d5dc3c"
            }
          ],
          "m_pMainEvent10": [
            {
              "originalProperty": "m_pMainEvent10",
              "originalEntity": "834e1e73a6d5dc3c"
            }
          ],
          "m_pMainEvent9": [
            {
              "originalProperty": "m_pMainEvent9",
              "originalEntity": "834e1e73a6d5dc3c"
            }
          ],
          "m_pMainEvent8": [
            {
              "originalProperty": "m_pMainEvent8",
              "originalEntity": "834e1e73a6d5dc3c"
            }
          ],
          "m_pMainEvent7": [
            {
              "originalProperty": "m_pMainEvent7",
              "originalEntity": "834e1e73a6d5dc3c"
            }
          ],
          "m_pMainEvent6": [
            {
              "originalProperty": "m_pMainEvent6",
              "originalEntity": "834e1e73a6d5dc3c"
            }
          ],
          "m_pMainEvent4": [
            {
              "originalProperty": "m_pMainEvent4",
              "originalEntity": "834e1e73a6d5dc3c"
            }
          ],
          "m_pMainEvent3": [
            {
              "originalProperty": "m_pMainEvent3",
              "originalEntity": "834e1e73a6d5dc3c"
            }
          ],
          "m_pMainEvent2": [
            {
              "originalProperty": "m_pMainEvent2",
              "originalEntity": "834e1e73a6d5dc3c"
            }
          ],
          "m_pMainEvent1": [
            {
              "originalProperty": "m_pMainEvent1",
              "originalEntity": "834e1e73a6d5dc3c"
            }
          ],
          "m_pMainEvent345": [
            {
              "originalProperty": "m_pMainEvent345",
              "originalEntity": "834e1e73a6d5dc3c"
            }
          ],
          "m_vLocalSize": [
            {
              "originalProperty": "m_vLocalSize",
              "originalEntity": "834e1e73a6d5dc3c"
            }
          ],
          "m_fThicknessSource": [
            {
              "originalProperty": "m_fThicknessSource",
              "originalEntity": "834e1e73a6d5dc3c"
            }
          ],
          "m_fThicknessDestination": [
            {
              "originalProperty": "m_fThicknessDestination",
              "originalEntity": "834e1e73a6d5dc3c"
            }
          ],
          "DoorPFBlockerSize": [
            {
              "originalProperty": "m_vGlobalSize",
              "originalEntity": "4b54274b0fde1c58"
            }
          ],
          "A_AudioOpenInitial": [
            {
              "originalProperty": "A_AudioOpenInitial",
              "originalEntity": "834e1e73a6d5dc3c"
            }
          ],
          "B_AudioOpenMovement": [
            {
              "originalProperty": "B_AudioOpenMovement",
              "originalEntity": "834e1e73a6d5dc3c"
            }
          ],
          "C_AudioOpenComplete": [
            {
              "originalProperty": "C_AudioOpenComplete",
              "originalEntity": "834e1e73a6d5dc3c"
            }
          ],
          "A_AudioCloseInitial": [
            {
              "originalProperty": "A_AudioCloseInitial",
              "originalEntity": "834e1e73a6d5dc3c"
            }
          ],
          "B_AudioCloseMovement": [
            {
              "originalProperty": "B_AudioCloseMovement",
              "originalEntity": "834e1e73a6d5dc3c"
            }
          ],
          "C_AudioCloseComplete": [
            {
              "originalProperty": "C_AudioCloseComplete",
              "originalEntity": "834e1e73a6d5dc3c"
            }
          ],
          "OverAll_Vol_InteractiveProps_ATT": [
            {
              "originalProperty": "OverAll_Vol_InteractiveProps_ATT",
              "originalEntity": "834e1e73a6d5dc3c"
            }
          ],
          "NormalDoorRotationOrientation": [
            {
              "originalProperty": "m_bValue",
              "originalEntity": "13f21b3cd48e8f2c"
            }
          ],
          "PfBlockerPos": [
            {
              "originalProperty": "m_mTransform",
              "originalEntity": "4b54274b0fde1c58"
            }
          ],
          "m_fOcclusionFactorOpen": [
            {
              "originalProperty": "m_fOcclusionFactorOpen",
              "originalEntity": "834e1e73a6d5dc3c"
            }
          ],
          "m_fOcclusionFactorClosed": [
            {
              "originalProperty": "m_fOcclusionFactorClosed",
              "originalEntity": "834e1e73a6d5dc3c"
            }
          ],
          "m_nOcclusionMaxAngleDeg": [
            {
              "originalProperty": "m_nOcclusionMaxAngleDeg",
              "originalEntity": "834e1e73a6d5dc3c"
            }
          ],
          "m_fOcclusionMaxDistance": [
            {
              "originalProperty": "m_fOcclusionMaxDistance",
              "originalEntity": "834e1e73a6d5dc3c"
            }
          ],
          "PermanentUnlocked": [
            {
              "originalProperty": "PermanentUnlocked",
              "originalEntity": "efe1e8027df71005"
            }
          ],
          "SoundGateOpenCloseChangeTime": [
            {
              "originalProperty": "m_fOpenCloseChangeTime",
              "originalEntity": "834e1e73a6d5dc3c"
            }
          ],
          "m_mSoundGateTransform": [
            {
              "originalProperty": "m_mSoundGateTransform",
              "originalEntity": "834e1e73a6d5dc3c"
            }
          ]
        },
        "exposedEntities": {
          "IsOpen": {
            "isArray": false,
            "refersTo": [
              {
                "ref": "efe1e8027df71005",
                "externalScene": null,
                "exposedEntity": "VB_Open"
              }
            ]
          },
          "RequiredKey": {
            "isArray": false,
            "refersTo": [
              {
                "ref": "efe1e8027df71005",
                "externalScene": null,
                "exposedEntity": "RequiredKey"
              }
            ]
          },
          "ValueBool_Simple_BrokenUp": {
            "isArray": false,
            "refersTo": [
              {
                "ref": "efe1e8027df71005",
                "externalScene": null,
                "exposedEntity": "VB_DoorBroken"
              }
            ]
          },
          "Bool_ManualCloseMode": {
            "isArray": false,
            "refersTo": [
              {
                "ref": "efe1e8027df71005",
                "externalScene": null,
                "exposedEntity": "Bool_ManualCloseMode"
              }
            ]
          },
          "IsDoorMoving": {
            "isArray": false,
            "refersTo": [
              {
                "ref": "efe1e8027df71005",
                "externalScene": null,
                "exposedEntity": "VB_DoorMoving"
              }
            ]
          },
          "Bool_AutoCloseMode": {
            "isArray": false,
            "refersTo": [
              {
                "ref": "efe1e8027df71005",
                "externalScene": null,
                "exposedEntity": "Bool_AutoCloseMode"
              }
            ]
          },
          "IsDoorLocked": {
            "isArray": false,
            "refersTo": [
              {
                "ref": "efe1e8027df71005",
                "externalScene": null,
                "exposedEntity": "VB_Locked"
              }
            ]
          }
        },
        "exposedInterfaces": {
          "IHM5Door": "305dfd89eba984f3",
          "ISoundGateController": "305dfd89eba984f3",
          "ZSoundGateEntity": "834e1e73a6d5dc3c"
        }
      },
      "26d39a52ccc4135a": {
        "parent": "3938064ec4785641",
        "name": "ValueBool_Poll",
        "factory": "[assembly:/_pro/design/logic/valuebool.template?/valuebool_poll.entitytemplate].pc_entitytype",
        "blueprint": "[assembly:/_pro/design/logic/valuebool.template?/valuebool_poll.entitytemplate].pc_entityblueprint",
        "properties": {
          "m_rValueEntity": {
            "type": "SEntityTemplateReference",
            "value": {
              "ref": "efe1e8027df71005",
              "externalScene": null,
              "exposedEntity": "VB_HeroInInsidebox"
            }
          }
        },
        "events": {
          "PollTrue": {
            "OpenDoorOut": [
              "305dfd89eba984f3"
            ]
          },
          "PollFalse": {
            "OpenDoorIn": [
              "305dfd89eba984f3"
            ]
          }
        }
      }
    },
    "propertyOverrides": [],
    "overrideDeletes": [],
    "pinConnectionOverrides": [],
    "pinConnectionOverrideDeletes": [],
    "externalScenes": [],
    "subType": "template",
    "quickEntityVersion": 3.1,
    "extraFactoryDependencies": [],
    "extraBlueprintDependencies": [],
    "comments": []
  }