{
  "tempHash": "00AAD0F7BF22DE8E",
  "tbluHash": "0032666550C86A67",
  "patch": [
    {
      "SubEntityOperation": [
        "e41b4e98f3187edf",
        {
          "RemoveEventConnection": [
            "OnTrue",
            "BlendIn",
            "e0043f327a6752e1"
          ]
        }
      ]
    },
    {
      "SubEntityOperation": [
        "e41b4e98f3187edf",
        {
          "RemoveEventConnection": [
            "OnFalse",
            "BlendOut",
            "e0043f327a6752e1"
          ]
        }
      ]
    }
  ],
  "patchVersion": 6
}