{
  "tempHash": "0017BFD1ED422A0B",
  "tbluHash": "00AF77A980388D81",
  "patch": [
    {
      "SubEntityOperation": [
        "d54c143b9a5015ba",
        {
          "SetPropertyValue": {
            "property_name": "m_animationResourceID",
            "value": {
              "resource": "00663F16BE8BC871",
              "flag": "5F"
            }
          }
        }
      ]
    },
    {
      "SubEntityOperation": [
        "3ec1586585971de8",
        {
          "SetPropertyValue": {
            "property_name": "m_animationResourceID",
            "value": {
              "resource": "[assembly:/animations/hitman01/movement/019_weapon actions/weapon_gripposes/hm_weapon_arm_and_grip_poses_npc_smg.xmd?/gun_relaxed_to_aim.xmdtake](cutsequence).pc_animation",
              "flag": "5F"
            }
          }
        }
      ]
    },
    {
      "SubEntityOperation": [
        "958080a70bb76259",
        {
          "SetPropertyValue": {
            "property_name": "m_animationResourceID",
            "value": {
              "resource": "00F7BDA015C9B8FC",
              "flag": "5F"
            }
          }
        }
      ]
    }
  ],
  "patchVersion": 6
}