{
  "tempHash": "00C373061CC49589",
  "tbluHash": "00D2601BE127EC7B",
  "patch": [
    {
      "SubEntityOperation": [
        "d11d9a922f479495",
        {
          "SetPropertyValue": {
            "property_name": "m_animationResourceID",
            "value": {
              "resource": "[assembly:/animations/hitman01/movement/019_weapon actions/weapon_gripposes/hm_weapon_arm_and_grip_poses_npc_smg.xmd?/gun_relaxed_to_aim.xmdtake](cutsequence).pc_animation",
              "flag": "5F"
            }
          }
        }
      ]
    },
    {
      "SubEntityOperation": [
        "fd2138289dc4f8e5",
        {
          "SetPropertyValue": {
            "property_name": "m_animationResourceID",
            "value": {
              "resource": "00663F16BE8BC871",
              "flag": "5F"
            }
          }
        }
      ]
    },
    {
      "SubEntityOperation": [
        "96b2ada36ccdc96c",
        {
          "SetPropertyValue": {
            "property_name": "m_animationResourceID",
            "value": {
              "resource": "00F7BDA015C9B8FC",
              "flag": "5F"
            }
          }
        }
      ]
    }
  ],
  "patchVersion": 6
}