{
  "tempHash": "0072BC2B790950B2",
  "tbluHash": "00DDE321E5355684",
  "patch": [
    {
      "SubEntityOperation": [
        "c30b9226c1a1fb4e",
        {
          "RemoveEventConnection": [
            "CC_Start",
            "BlendIn",
            "a34fffa9d36f806c"
          ]
        }
      ]
    },
    {
      "SubEntityOperation": [
        "c30b9226c1a1fb4e",
        {
          "RemoveEventConnection": [
            "CC_End",
            "BlendOut",
            "a34fffa9d36f806c"
          ]
        }
      ]
    }
  ],
  "patchVersion": 6
}