{
  "tempHash": "0072BC2B790950B2",
  "tbluHash": "00DDE321E5355684",
  "patch": [
    {
      "SubEntityOperation": [
        "8e39370fb865f2bc",
        {
          "RemoveEventConnection": [
            "ExitCloset",
            "BlendOut",
            "517e42933767281b"
          ]
        }
      ]
    },
    {
      "SubEntityOperation": [
        "8e39370fb865f2bc",
        {
          "RemoveEventConnection": [
            "EnterCloset",
            "BlendIn",
            "517e42933767281b"
          ]
        }
      ]
    }
  ],
  "patchVersion": 6
}