{
  "tempHash": "00AAD0F7BF22DE8E",
  "tbluHash": "0032666550C86A67",
  "patch": [
    {
      "SubEntityOperation": [
        "a1caf58fb549abcb",
        {
          "RemoveEventConnection": [
            "Out",
            "BlendInOut",
            "eb3d74fef437268f"
          ]
        }
      ]
    },
    {
      "SubEntityOperation": [
        "4c888e571ec99dd6",
        {
          "RemoveEventConnection": [
            "CC_Impact_Hitman",
            "BlendInOut",
            "eb3d74fef437268f"
          ]
        }
      ]
    }
  ],
  "patchVersion": 6
}