{
  "tempHash": "00AAD0F7BF22DE8E",
  "tbluHash": "0032666550C86A67",
  "patch": [
    {
      "SubEntityOperation": [
        "c30b9226c1a1fb4e",
        {
          "RemoveEventConnection": [
            "CC_Start",
            "BlendIn",
            "a34fffa9d36f806c"
          ]
        }
      ]
    },
    {
      "SubEntityOperation": [
        "c30b9226c1a1fb4e",
        {
          "RemoveEventConnection": [
            "CC_End",
            "BlendOut",
            "a34fffa9d36f806c"
          ]
        }
      ]
    }
  ],
  "patchVersion": 6
}