{"tempHash":"003AF651DDAE95CF","tbluHash":"001124E9D6653A89","patch":[{"SubEntityOperation":["84ca7a8ce2b2ca7a",{"SetPropertyValue":{"property_name":"m_fFixedEmissionCount","value":0}}]},{"SubEntityOperation":["84ca7a8ce2b2ca7a",{"SetPropertyValue":{"property_name":"m_fOuterConeAngle","value":0}}]},{"SubEntityOperation":["84ca7a8ce2b2ca7a",{"SetPropertyValue":{"property_name":"m_fSpeedMax","value":0}}]},{"SubEntityOperation":["84ca7a8ce2b2ca7a",{"SetPropertyValue":{"property_name":"m_fSpeedMin","value":0}}]},{"SubEntityOperation":["84ca7a8ce2b2ca7a",{"SetPropertyValue":{"property_name":"m_ParticleRender","value":"32a7143301080935"}}]},{"SubEntityOperation":["886b3268cefb5e89",{"SetPropertyValue":{"property_name":"m_fOuterConeAngle","value":0}}]},{"SubEntityOperation":["886b3268cefb5e89",{"SetPropertyValue":{"property_name":"m_fSpeedMax","value":0}}]},{"SubEntityOperation":["886b3268cefb5e89",{"SetPropertyValue":{"property_name":"m_fSpeedMin","value":0}}]},{"SubEntityOperation":["886b3268cefb5e89",{"SetPropertyValue":{"property_name":"m_fEmissionTimeSeconds","value":0}}]},{"SubEntityOperation":["886b3268cefb5e89",{"SetPropertyValue":{"property_name":"m_fParticlesPerSecond","value":0}}]},{"SubEntityOperation":["886b3268cefb5e89",{"SetPropertyValue":{"property_name":"m_fParticlesPerSecondMax","value":0}}]},{"SubEntityOperation":["886b3268cefb5e89",{"SetPropertyValue":{"property_name":"m_ParticleRender","value":"32a7143301080935"}}]},{"SubEntityOperation":["66128ccb771e8ac2",{"SetPropertyValue":{"property_name":"m_ParticleRender","value":"32a7143301080935"}}]},{"SubEntityOperation":["66128ccb771e8ac2",{"SetPropertyValue":{"property_name":"m_fFixedEmissionCount","value":0}}]},{"SubEntityOperation":["66128ccb771e8ac2",{"SetPropertyValue":{"property_name":"m_fOuterConeAngle","value":0}}]},{"SubEntityOperation":["66128ccb771e8ac2",{"SetPropertyValue":{"property_name":"m_fEmissionCameraProximity","value":0}}]},{"SubEntityOperation":["66128ccb771e8ac2",{"SetPropertyValue":{"property_name":"m_ParticleShaderParameters","value":{"ref":"32a7143301080935","externalScene":null,"exposedEntity":"FX_PSP_Smoke_Generic"}}}]},{"SubEntityOperation":["6fd1fed39a4e39fc",{"SetPropertyValue":{"property_name":"m_fOuterConeAngle","value":0}}]},{"SubEntityOperation":["6fd1fed39a4e39fc",{"SetPropertyValue":{"property_name":"m_fSpeedMax","value":0}}]},{"SubEntityOperation":["6fd1fed39a4e39fc",{"SetPropertyValue":{"property_name":"m_fSpeedMin","value":0}}]},{"SubEntityOperation":["6fd1fed39a4e39fc",{"SetPropertyValue":{"property_name":"m_fEmissionTimeSeconds","value":0}}]},{"SubEntityOperation":["6fd1fed39a4e39fc",{"SetPropertyValue":{"property_name":"m_fParticlesPerSecondMax","value":0}}]},{"SubEntityOperation":["6fd1fed39a4e39fc",{"SetPropertyValue":{"property_name":"m_ParticleRender","value":"32a7143301080935"}}]},{"SubEntityOperation":["524c4e70c2ab6fe6",{"SetPropertyValue":{"property_name":"m_ParticleRender","value":"32a7143301080935"}}]},{"SubEntityOperation":["524c4e70c2ab6fe6",{"SetPropertyValue":{"property_name":"m_fSpeedMax","value":0}}]},{"SubEntityOperation":["524c4e70c2ab6fe6",{"SetPropertyValue":{"property_name":"m_fOuterConeAngle","value":0}}]},{"SubEntityOperation":["524c4e70c2ab6fe6",{"SetPropertyValue":{"property_name":"m_fParticlesPerSecond","value":0}}]},{"SubEntityOperation":["524c4e70c2ab6fe6",{"SetPropertyValue":{"property_name":"m_fParticlesPerSecondMax","value":0}}]},{"SubEntityOperation":["524c4e70c2ab6fe6",{"SetPropertyValue":{"property_name":"m_fEmissionTimeSeconds","value":0}}]}],"patchVersion":6}