{"tempHash":"008A6645BBF3F25B","tbluHash":"00FE9A5D7F297ECE","patch":[{"SubEntityOperation":["d6667e0b7e7959e",{"SetPropertyValue":{"property_name":"m_fProbability","value":0}}]},{"SubEntityOperation":["57a9fdc8873729c8",{"SetPropertyValue":{"property_name":"m_fDiffusePower","value":0}}]},{"SubEntityOperation":["57a9fdc8873729c8",{"SetPropertyValue":{"property_name":"DiffusePowerMin","value":0}}]},{"SubEntityOperation":["99d658cdc7af54cf",{"SetPropertyValue":{"property_name":"m_ParticleRender","value":"4d090b7637fd8cfa"}}]},{"SubEntityOperation":["99d658cdc7af54cf",{"SetPropertyValue":{"property_name":"m_fFixedEmissionCount","value":0}}]},{"SubEntityOperation":["99d658cdc7af54cf",{"SetPropertyValue":{"property_name":"m_fOuterConeAngle","value":0}}]},{"SubEntityOperation":["99d658cdc7af54cf",{"SetPropertyValue":{"property_name":"m_fEmissionCameraProximity","value":0}}]},{"SubEntityOperation":["99d658cdc7af54cf",{"SetPropertyValue":{"property_name":"m_ParticleShaderParameters","value":{"ref":"4d090b7637fd8cfa","externalScene":null,"exposedEntity":"FX_PSP_Smoke_Generic"}}}]},{"SubEntityOperation":["ad4b862d447963e6",{"SetPropertyValue":{"property_name":"m_fOuterConeAngle","value":0}}]},{"SubEntityOperation":["ad4b862d447963e6",{"SetPropertyValue":{"property_name":"m_fSpeedMax","value":0}}]},{"SubEntityOperation":["ad4b862d447963e6",{"SetPropertyValue":{"property_name":"m_fSpeedMin","value":0}}]},{"SubEntityOperation":["ad4b862d447963e6",{"SetPropertyValue":{"property_name":"m_fEmissionTimeSeconds","value":0}}]},{"SubEntityOperation":["ad4b862d447963e6",{"SetPropertyValue":{"property_name":"m_fParticlesPerSecond","value":0}}]},{"SubEntityOperation":["ad4b862d447963e6",{"SetPropertyValue":{"property_name":"m_fParticlesPerSecondMax","value":0}}]},{"SubEntityOperation":["ad4b862d447963e6",{"SetPropertyValue":{"property_name":"m_ParticleRender","value":"4d090b7637fd8cfa"}}]},{"SubEntityOperation":["6eff8927917da047",{"SetPropertyValue":{"property_name":"m_fFixedEmissionCount","value":0}}]},{"SubEntityOperation":["6eff8927917da047",{"SetPropertyValue":{"property_name":"m_fOuterConeAngle","value":0}}]},{"SubEntityOperation":["6eff8927917da047",{"SetPropertyValue":{"property_name":"m_fSpeedMax","value":0}}]},{"SubEntityOperation":["6eff8927917da047",{"SetPropertyValue":{"property_name":"m_fSpeedMin","value":0}}]},{"SubEntityOperation":["6eff8927917da047",{"SetPropertyValue":{"property_name":"m_ParticleController","value":"4d090b7637fd8cfa"}}]},{"SubEntityOperation":["6eff8927917da047",{"SetPropertyValue":{"property_name":"m_ParticleRender","value":"4d090b7637fd8cfa"}}]},{"SubEntityOperation":["d849227b46897d56",{"SetPropertyValue":{"property_name":"m_fOuterConeAngle","value":0}}]},{"SubEntityOperation":["d849227b46897d56",{"SetPropertyValue":{"property_name":"m_fSpeedMax","value":0}}]},{"SubEntityOperation":["d849227b46897d56",{"SetPropertyValue":{"property_name":"m_fSpeedMin","value":0}}]},{"SubEntityOperation":["d849227b46897d56",{"SetPropertyValue":{"property_name":"m_fEmissionTimeSeconds","value":0}}]},{"SubEntityOperation":["d849227b46897d56",{"SetPropertyValue":{"property_name":"m_fParticlesPerSecond","value":0}}]},{"SubEntityOperation":["d849227b46897d56",{"SetPropertyValue":{"property_name":"m_fParticlesPerSecondMax","value":0}}]},{"SubEntityOperation":["d849227b46897d56",{"SetPropertyValue":{"property_name":"m_ParticleRender","value":"4d090b7637fd8cfa"}}]},{"SubEntityOperation":["24fc288a47d719bf",{"SetPropertyValue":{"property_name":"m_ParticleRender","value":"4d090b7637fd8cfa"}}]},{"SubEntityOperation":["24fc288a47d719bf",{"SetPropertyValue":{"property_name":"m_fSpeedMax","value":0}}]},{"SubEntityOperation":["24fc288a47d719bf",{"SetPropertyValue":{"property_name":"m_fOuterConeAngle","value":0}}]},{"SubEntityOperation":["24fc288a47d719bf",{"SetPropertyValue":{"property_name":"m_fParticlesPerSecond","value":0}}]},{"SubEntityOperation":["24fc288a47d719bf",{"SetPropertyValue":{"property_name":"m_fParticlesPerSecondMax","value":0}}]},{"SubEntityOperation":["24fc288a47d719bf",{"SetPropertyValue":{"property_name":"m_fEmissionTimeSeconds","value":0}}]},{"SubEntityOperation":["42e92f59b574005e",{"SetPropertyValue":{"property_name":"m_fOuterConeAngle","value":0}}]},{"SubEntityOperation":["42e92f59b574005e",{"SetPropertyValue":{"property_name":"m_fSpeedMax","value":0}}]},{"SubEntityOperation":["42e92f59b574005e",{"SetPropertyValue":{"property_name":"m_fSpeedMin","value":0}}]},{"SubEntityOperation":["42e92f59b574005e",{"SetPropertyValue":{"property_name":"m_fEmissionTimeSeconds","value":0}}]},{"SubEntityOperation":["42e92f59b574005e",{"SetPropertyValue":{"property_name":"m_fParticlesPerSecondMax","value":0}}]}],"patchVersion":6}