{"tempHash":"00B99F6BF75509BB","tbluHash":"004FFA05487F57F0","patch":[{"SubEntityOperation":["b0c2b6f206fa70c6",{"SetPropertyValue":{"property_name":"m_fOuterConeAngle","value":0}}]},{"SubEntityOperation":["b0c2b6f206fa70c6",{"SetPropertyValue":{"property_name":"m_fSpeedMax","value":0}}]},{"SubEntityOperation":["b0c2b6f206fa70c6",{"SetPropertyValue":{"property_name":"m_fSpeedMin","value":0}}]},{"SubEntityOperation":["b0c2b6f206fa70c6",{"SetPropertyValue":{"property_name":"m_fEmissionTimeSeconds","value":0}}]},{"SubEntityOperation":["b0c2b6f206fa70c6",{"SetPropertyValue":{"property_name":"m_fParticlesPerSecond","value":0}}]},{"SubEntityOperation":["b0c2b6f206fa70c6",{"SetPropertyValue":{"property_name":"m_fParticlesPerSecondMax","value":0}}]},{"SubEntityOperation":["b0c2b6f206fa70c6",{"SetPropertyValue":{"property_name":"m_ParticleRender","value":"12f43afeaadabf2b"}}]},{"SubEntityOperation":["676ec8f44e1b6213",{"SetPropertyValue":{"property_name":"m_fOuterConeAngle","value":0}}]},{"SubEntityOperation":["676ec8f44e1b6213",{"SetPropertyValue":{"property_name":"m_fSpeedMax","value":0}}]},{"SubEntityOperation":["676ec8f44e1b6213",{"SetPropertyValue":{"property_name":"m_fSpeedMin","value":0}}]},{"SubEntityOperation":["676ec8f44e1b6213",{"SetPropertyValue":{"property_name":"m_fEmissionTimeSeconds","value":0}}]},{"SubEntityOperation":["676ec8f44e1b6213",{"SetPropertyValue":{"property_name":"m_fParticlesPerSecondMax","value":0}}]},{"SubEntityOperation":["676ec8f44e1b6213",{"SetPropertyValue":{"property_name":"m_ParticleRender","value":"12f43afeaadabf2b"}}]},{"SubEntityOperation":["252f07b9a34af113",{"SetPropertyValue":{"property_name":"m_ParticleRender","value":"12f43afeaadabf2b"}}]},{"SubEntityOperation":["252f07b9a34af113",{"SetPropertyValue":{"property_name":"m_fFixedEmissionCount","value":0}}]},{"SubEntityOperation":["252f07b9a34af113",{"SetPropertyValue":{"property_name":"m_fSpeedMax","value":0}}]},{"SubEntityOperation":["252f07b9a34af113",{"SetPropertyValue":{"property_name":"m_fSpeedMin","value":0}}]},{"SubEntityOperation":["252f07b9a34af113",{"SetPropertyValue":{"property_name":"m_fOuterConeAngle","value":0}}]},{"SubEntityOperation":["252f07b9a34af113",{"SetPropertyValue":{"property_name":"m_ParticleShaderParameters","value":{"ref":"12f43afeaadabf2b","externalScene":null,"exposedEntity":"FX_PSP_Smoke_Generic"}}}]},{"SubEntityOperation":["252f07b9a34af113",{"SetPropertyValue":{"property_name":"m_fDistStart","value":0}}]},{"SubEntityOperation":["2474a5edf0819aab",{"SetPropertyValue":{"property_name":"FogProbability","value":0}}]},{"SubEntityOperation":["2474a5edf0819aab",{"SetPropertyValue":{"property_name":"m_fParticleSizeMin","value":0}}]},{"SubEntityOperation":["2474a5edf0819aab",{"SetPropertyValue":{"property_name":"m_fParticleSizeMax","value":0}}]},{"SubEntityOperation":["2474a5edf0819aab",{"SetPropertyValue":{"property_name":"m_FixedAlpha","value":0}}]},{"SubEntityOperation":["734980f79a672df3",{"SetPropertyValue":{"property_name":"m_fOuterConeAngle","value":0}}]},{"SubEntityOperation":["734980f79a672df3",{"SetPropertyValue":{"property_name":"m_fSpeedMax","value":0}}]},{"SubEntityOperation":["734980f79a672df3",{"SetPropertyValue":{"property_name":"m_fSpeedMin","value":0}}]},{"SubEntityOperation":["734980f79a672df3",{"SetPropertyValue":{"property_name":"m_fEmissionTimeSeconds","value":0}}]},{"SubEntityOperation":["734980f79a672df3",{"SetPropertyValue":{"property_name":"m_fParticlesPerSecond","value":0}}]},{"SubEntityOperation":["734980f79a672df3",{"SetPropertyValue":{"property_name":"m_fParticlesPerSecondMax","value":0}}]},{"SubEntityOperation":["734980f79a672df3",{"SetPropertyValue":{"property_name":"m_ParticleRender","value":"12f43afeaadabf2b"}}]},{"SubEntityOperation":["33a9066719ce86b2",{"SetPropertyValue":{"property_name":"m_fDiffusePower","value":0}}]},{"SubEntityOperation":["33a9066719ce86b2",{"SetPropertyValue":{"property_name":"DiffusePowerMin","value":0}}]},{"SubEntityOperation":["b7fd90700b21db4e",{"SetPropertyValue":{"property_name":"m_fFixedEmissionCount","value":0}}]},{"SubEntityOperation":["b7fd90700b21db4e",{"SetPropertyValue":{"property_name":"m_fOuterConeAngle","value":0}}]},{"SubEntityOperation":["b7fd90700b21db4e",{"SetPropertyValue":{"property_name":"m_fSpeedMax","value":0}}]},{"SubEntityOperation":["b7fd90700b21db4e",{"SetPropertyValue":{"property_name":"m_fSpeedMin","value":0}}]},{"SubEntityOperation":["b7fd90700b21db4e",{"SetPropertyValue":{"property_name":"m_ParticleRender","value":"12f43afeaadabf2b"}}]},{"SubEntityOperation":["ab629f64822abe2f",{"SetPropertyValue":{"property_name":"m_ParticleRender","value":"12f43afeaadabf2b"}}]},{"SubEntityOperation":["ab629f64822abe2f",{"SetPropertyValue":{"property_name":"m_fSpeedMax","value":0}}]},{"SubEntityOperation":["ab629f64822abe2f",{"SetPropertyValue":{"property_name":"m_fOuterConeAngle","value":0}}]},{"SubEntityOperation":["ab629f64822abe2f",{"SetPropertyValue":{"property_name":"m_fParticlesPerSecond","value":0}}]},{"SubEntityOperation":["ab629f64822abe2f",{"SetPropertyValue":{"property_name":"m_fParticlesPerSecondMax","value":0}}]},{"SubEntityOperation":["ab629f64822abe2f",{"SetPropertyValue":{"property_name":"m_fSpeedMin","value":0}}]},{"SubEntityOperation":["ab629f64822abe2f",{"SetPropertyValue":{"property_name":"m_fEmissionTimeSeconds","value":0}}]},{"SubEntityOperation":["50f6fa9904f54562",{"SetPropertyValue":{"property_name":"m_ParticleRender","value":"12f43afeaadabf2b"}}]},{"SubEntityOperation":["50f6fa9904f54562",{"SetPropertyValue":{"property_name":"m_fFixedEmissionCount","value":0}}]},{"SubEntityOperation":["50f6fa9904f54562",{"SetPropertyValue":{"property_name":"m_fSpeedMax","value":0}}]},{"SubEntityOperation":["50f6fa9904f54562",{"SetPropertyValue":{"property_name":"m_fOuterConeAngle","value":0}}]},{"SubEntityOperation":["50f6fa9904f54562",{"SetPropertyValue":{"property_name":"m_fEmissionCameraProximity","value":0}}]},{"SubEntityOperation":["50f6fa9904f54562",{"SetPropertyValue":{"property_name":"m_ParticleShaderParameters","value":{"ref":"12f43afeaadabf2b","externalScene":null,"exposedEntity":"FX_PSP_Smoke_Generic"}}}]},{"SubEntityOperation":["50f6fa9904f54562",{"SetPropertyValue":{"property_name":"m_fDistStart","value":0}}]},{"SubEntityOperation":["f5ae3cfcfd99ea9b",{"SetPropertyValue":{"property_name":"m_ParticleRender","value":"12f43afeaadabf2b"}}]},{"SubEntityOperation":["f5ae3cfcfd99ea9b",{"SetPropertyValue":{"property_name":"m_fFixedEmissionCount","value":0}}]},{"SubEntityOperation":["f5ae3cfcfd99ea9b",{"SetPropertyValue":{"property_name":"m_fSpeedMax","value":0}}]},{"SubEntityOperation":["f5ae3cfcfd99ea9b",{"SetPropertyValue":{"property_name":"m_fOuterConeAngle","value":0}}]},{"SubEntityOperation":["f5ae3cfcfd99ea9b",{"SetPropertyValue":{"property_name":"m_ParticleShaderParameters","value":{"ref":"12f43afeaadabf2b","externalScene":null,"exposedEntity":"FX_PSP_Smoke_Generic"}}}]},{"SubEntityOperation":["f5ae3cfcfd99ea9b",{"SetPropertyValue":{"property_name":"m_fDistStart","value":0}}]},{"SubEntityOperation":["4116f190d5bf306d",{"SetPropertyValue":{"property_name":"m_ParticleRender","value":"12f43afeaadabf2b"}}]},{"SubEntityOperation":["4116f190d5bf306d",{"SetPropertyValue":{"property_name":"m_fFixedEmissionCount","value":0}}]},{"SubEntityOperation":["4116f190d5bf306d",{"SetPropertyValue":{"property_name":"m_fSpeedMax","value":0}}]},{"SubEntityOperation":["4116f190d5bf306d",{"SetPropertyValue":{"property_name":"m_fOuterConeAngle","value":0}}]},{"SubEntityOperation":["4116f190d5bf306d",{"SetPropertyValue":{"property_name":"m_fEmissionCameraProximity","value":0}}]},{"SubEntityOperation":["4116f190d5bf306d",{"SetPropertyValue":{"property_name":"m_fInnerConeAngle","value":0}}]},{"SubEntityOperation":["4116f190d5bf306d",{"SetPropertyValue":{"property_name":"m_ParticleShaderParameters","value":{"ref":"12f43afeaadabf2b","externalScene":null,"exposedEntity":"FX_PSP_Smoke_Generic"}}}]},{"SubEntityOperation":["4116f190d5bf306d",{"SetPropertyValue":{"property_name":"m_fDistStart","value":0}}]},{"SubEntityOperation":["6b711d651f5e76b7",{"SetPropertyValue":{"property_name":"m_ParticleRender","value":"12f43afeaadabf2b"}}]},{"SubEntityOperation":["6b711d651f5e76b7",{"SetPropertyValue":{"property_name":"m_fFixedEmissionCount","value":0}}]},{"SubEntityOperation":["6b711d651f5e76b7",{"SetPropertyValue":{"property_name":"m_fSpeedMax","value":0}}]},{"SubEntityOperation":["6b711d651f5e76b7",{"SetPropertyValue":{"property_name":"m_fOuterConeAngle","value":0}}]},{"SubEntityOperation":["6b711d651f5e76b7",{"SetPropertyValue":{"property_name":"m_fDistStart","value":0}}]},{"SubEntityOperation":["6b711d651f5e76b7",{"SetPropertyValue":{"property_name":"m_fInnerConeAngle","value":0}}]},{"SubEntityOperation":["6b711d651f5e76b7",{"SetPropertyValue":{"property_name":"m_ParticleShaderParameters","value":{"ref":"12f43afeaadabf2b","externalScene":null,"exposedEntity":"FX_PSP_Smoke_Generic"}}}]}],"patchVersion":6}